zone,date,population,day_of_week,is_weekend,is_poya,rainfall_mm,season,prev_volume_tons,waste_volume_tons,demand_level
Colombo,2026-01-01,750000,3,0,0,2.35,dry,562.5,531.23,LOW
Colombo,2026-01-02,750000,4,0,0,0.85,dry,531.23,555.83,MEDIUM
Colombo,2026-01-03,750000,5,1,1,0.3,dry,555.83,811.65,HIGH
Colombo,2026-01-04,750000,6,1,0,6.16,dry,811.65,818.56,HIGH
Colombo,2026-01-05,750000,0,0,0,0.1,dry,818.56,674.19,HIGH
Colombo,2026-01-06,750000,1,0,0,1.01,dry,674.19,603.58,MEDIUM
Colombo,2026-01-07,750000,2,0,0,1.81,dry,603.58,509.56,LOW
Colombo,2026-01-08,750000,3,0,0,1.72,dry,509.56,562.76,MEDIUM
Colombo,2026-01-09,750000,4,0,0,4.73,dry,562.76,550.59,MEDIUM
Colombo,2026-01-10,750000,5,1,0,2.28,dry,550.59,619.15,MEDIUM
Colombo,2026-01-11,750000,6,1,0,3.04,dry,619.15,661.74,HIGH
Colombo,2026-01-12,750000,0,0,0,3.61,dry,661.74,628.93,MEDIUM
Colombo,2026-01-13,750000,1,0,0,4.49,dry,628.93,599.15,MEDIUM
Colombo,2026-01-14,750000,2,0,0,0.93,dry,599.15,566.33,MEDIUM
Colombo,2026-01-15,750000,3,0,0,0.34,dry,566.33,547.53,MEDIUM
Colombo,2026-01-16,750000,4,0,0,0.51,dry,547.53,581.66,MEDIUM
Colombo,2026-01-17,750000,5,1,0,5.76,dry,581.66,629.16,MEDIUM
Colombo,2026-01-18,750000,6,1,0,3.42,dry,629.16,680.66,HIGH
Colombo,2026-01-19,750000,0,0,0,0.17,dry,680.66,615.13,MEDIUM
Colombo,2026-01-20,750000,1,0,0,5.43,dry,615.13,599.76,MEDIUM
Colombo,2026-01-21,750000,2,0,0,1.87,dry,599.76,659.27,HIGH
Colombo,2026-01-22,750000,3,0,0,1.02,dry,659.27,644.46,MEDIUM
Colombo,2026-01-23,750000,4,0,0,17.46,dry,644.46,609.63,MEDIUM
Colombo,2026-01-24,750000,5,1,0,12.75,dry,609.63,698.77,HIGH
Colombo,2026-01-25,750000,6,1,0,0.46,dry,698.77,696.85,HIGH
Colombo,2026-01-26,750000,0,0,0,1.58,dry,696.85,585.15,MEDIUM
Colombo,2026-01-27,750000,1,0,0,8.82,dry,585.15,535.95,MEDIUM
Colombo,2026-01-28,750000,2,0,0,3.91,dry,535.95,524.46,LOW
Colombo,2026-01-29,750000,3,0,0,0.76,dry,524.46,559.85,MEDIUM
Colombo,2026-01-30,750000,4,0,0,6.53,dry,559.85,586.14,MEDIUM
Colombo,2026-01-31,750000,5,1,0,7.38,dry,586.14,654.64,HIGH
Colombo,2026-02-01,750000,6,1,1,0.62,dry,654.64,857.29,HIGH
Colombo,2026-02-02,750000,0,0,0,9.94,dry,857.29,667.48,HIGH
Colombo,2026-02-03,750000,1,0,0,0.33,dry,667.48,645.92,MEDIUM
Colombo,2026-02-04,750000,2,0,0,1.86,dry,645.92,637.39,MEDIUM
Colombo,2026-02-05,750000,3,0,0,5.07,dry,637.39,574.68,MEDIUM
Colombo,2026-02-06,750000,4,0,0,10.91,dry,574.68,539.4,MEDIUM
Colombo,2026-02-07,750000,5,1,0,6.25,dry,539.4,631.46,MEDIUM
Colombo,2026-02-08,750000,6,1,0,7.15,dry,631.46,728.59,HIGH
Colombo,2026-02-09,750000,0,0,0,3.4,dry,728.59,655.05,HIGH
Colombo,2026-02-10,750000,1,0,0,3.7,dry,655.05,597.57,MEDIUM
Colombo,2026-02-11,750000,2,0,0,0.57,dry,597.57,578.32,MEDIUM
Colombo,2026-02-12,750000,3,0,0,0.16,dry,578.32,530.51,LOW
Colombo,2026-02-13,750000,4,0,0,3.55,dry,530.51,575.82,MEDIUM
Colombo,2026-02-14,750000,5,1,0,11.91,dry,575.82,639.51,MEDIUM
Colombo,2026-02-15,750000,6,1,0,7.04,dry,639.51,649.11,HIGH
Colombo,2026-02-16,750000,0,0,0,1.3,dry,649.11,599.84,MEDIUM
Colombo,2026-02-17,750000,1,0,0,0.88,dry,599.84,569.16,MEDIUM
Colombo,2026-02-18,750000,2,0,0,13.27,dry,569.16,579.93,MEDIUM
Colombo,2026-02-19,750000,3,0,0,10.26,dry,579.93,603.79,MEDIUM
Colombo,2026-02-20,750000,4,0,0,8.14,dry,603.79,621.73,MEDIUM
Colombo,2026-02-21,750000,5,1,0,11.32,dry,621.73,685.87,HIGH
Colombo,2026-02-22,750000,6,1,0,1.91,dry,685.87,710.59,HIGH
Colombo,2026-02-23,750000,0,0,0,2.79,dry,710.59,626.2,MEDIUM
Colombo,2026-02-24,750000,1,0,0,8.52,dry,626.2,519.67,LOW
Colombo,2026-02-25,750000,2,0,0,1.26,dry,519.67,550.8,MEDIUM
Colombo,2026-02-26,750000,3,0,0,0.64,dry,550.8,569.39,MEDIUM
Colombo,2026-02-27,750000,4,0,0,1.95,dry,569.39,561.28,MEDIUM
Colombo,2026-02-28,750000,5,1,0,3.66,dry,561.28,619.65,MEDIUM
Colombo,2026-03-01,750000,6,1,0,17.84,dry,619.65,719.22,HIGH
Colombo,2026-03-02,750000,0,0,0,16.41,dry,719.22,640.34,MEDIUM
Colombo,2026-03-03,750000,1,0,1,1.79,dry,640.34,704.71,HIGH
Colombo,2026-03-04,750000,2,0,0,1.68,dry,704.71,636.48,MEDIUM
Colombo,2026-03-05,750000,3,0,0,3.49,dry,636.48,587.32,MEDIUM
Colombo,2026-03-06,750000,4,0,0,0.26,dry,587.32,588.35,MEDIUM
Colombo,2026-03-07,750000,5,1,0,1.37,dry,588.35,654.45,HIGH
Colombo,2026-03-08,750000,6,1,0,0.78,dry,654.45,709.31,HIGH
Colombo,2026-03-09,750000,0,0,0,1.39,dry,709.31,635.7,MEDIUM
Colombo,2026-03-10,750000,1,0,0,5.58,dry,635.7,577.29,MEDIUM
Colombo,2026-03-11,750000,2,0,0,6.51,dry,577.29,591.64,MEDIUM
Colombo,2026-03-12,750000,3,0,0,2.29,dry,591.64,616.59,MEDIUM
Colombo,2026-03-13,750000,4,0,0,3.84,dry,616.59,628.7,MEDIUM
Colombo,2026-03-14,750000,5,1,0,0.47,dry,628.7,671.07,HIGH
Colombo,2026-03-15,750000,6,1,0,1.03,dry,671.07,735.26,HIGH
Colombo,2026-03-16,750000,0,0,0,0.21,dry,735.26,696.88,HIGH
Colombo,2026-03-17,750000,1,0,0,0.08,dry,696.88,654.26,HIGH
Colombo,2026-03-18,750000,2,0,0,3.59,dry,654.26,626.64,MEDIUM
Colombo,2026-03-19,750000,3,0,0,0.96,dry,626.64,560.17,MEDIUM
Colombo,2026-03-20,750000,4,0,0,5.87,dry,560.17,578.79,MEDIUM
Colombo,2026-03-21,750000,5,1,0,0.74,dry,578.79,651.72,HIGH
Colombo,2026-03-22,750000,6,1,0,2.09,dry,651.72,688.14,HIGH
Colombo,2026-03-23,750000,0,0,0,5.39,dry,688.14,640.96,MEDIUM
Colombo,2026-03-24,750000,1,0,0,8.5,dry,640.96,640.09,MEDIUM
Colombo,2026-03-25,750000,2,0,0,1.38,dry,640.09,672.71,HIGH
Colombo,2026-03-26,750000,3,0,0,0.49,dry,672.71,577.1,MEDIUM
Colombo,2026-03-27,750000,4,0,0,2.15,dry,577.1,603.29,MEDIUM
Colombo,2026-03-28,750000,5,1,0,6.47,dry,603.29,687.7,HIGH
Colombo,2026-03-29,750000,6,1,0,0.44,dry,687.7,753.1,HIGH
Colombo,2026-03-30,750000,0,0,0,0.88,dry,753.1,664.16,HIGH
Colombo,2026-03-31,750000,1,0,0,0.05,dry,664.16,637.16,MEDIUM
Colombo,2026-04-01,750000,2,0,1,0.53,dry,637.16,754.71,HIGH
Colombo,2026-04-02,750000,3,0,0,5.89,dry,754.71,624.38,MEDIUM
Colombo,2026-04-03,750000,4,0,0,5.28,dry,624.38,614.1,MEDIUM
Colombo,2026-04-04,750000,5,1,0,1.35,dry,614.1,649.7,HIGH
Colombo,2026-04-05,750000,6,1,0,1.97,dry,649.7,718.67,HIGH
Colombo,2026-04-06,750000,0,0,0,9.46,dry,718.67,676.26,HIGH
Colombo,2026-04-07,750000,1,0,0,5.36,dry,676.26,594.98,MEDIUM
Colombo,2026-04-08,750000,2,0,0,2.29,dry,594.98,582.84,MEDIUM
Colombo,2026-04-09,750000,3,0,0,1.54,dry,582.84,597.38,MEDIUM
Colombo,2026-04-10,750000,4,0,0,4.99,dry,597.38,573.2,MEDIUM
Colombo,2026-04-11,750000,5,1,0,7.92,dry,573.2,729.93,HIGH
Colombo,2026-04-12,750000,6,1,0,3.39,dry,729.93,745.79,HIGH
Colombo,2026-04-13,750000,0,0,0,1.09,dry,745.79,627.06,MEDIUM
Colombo,2026-04-14,750000,1,0,0,0.12,dry,627.06,622.26,MEDIUM
Colombo,2026-04-15,750000,2,0,0,5.18,dry,622.26,588.89,MEDIUM
Colombo,2026-04-16,750000,3,0,0,17.0,dry,588.89,596.52,MEDIUM
Colombo,2026-04-17,750000,4,0,0,16.57,dry,596.52,566.78,MEDIUM
Colombo,2026-04-18,750000,5,1,0,2.43,dry,566.78,671.19,HIGH
Colombo,2026-04-19,750000,6,1,0,9.52,dry,671.19,683.33,HIGH
Colombo,2026-04-20,750000,0,0,0,4.07,dry,683.33,608.49,MEDIUM
Colombo,2026-04-21,750000,1,0,0,13.76,dry,608.49,603.21,MEDIUM
Colombo,2026-04-22,750000,2,0,0,0.51,dry,603.21,632.44,MEDIUM
Colombo,2026-04-23,750000,3,0,0,4.77,dry,632.44,627.21,MEDIUM
Colombo,2026-04-24,750000,4,0,0,6.75,dry,627.21,596.3,MEDIUM
Colombo,2026-04-25,750000,5,1,0,5.97,dry,596.3,639.34,MEDIUM
Colombo,2026-04-26,750000,6,1,0,1.74,dry,639.34,729.93,HIGH
Colombo,2026-04-27,750000,0,0,0,8.29,dry,729.93,654.78,HIGH
Colombo,2026-04-28,750000,1,0,0,12.22,dry,654.78,615.87,MEDIUM
Colombo,2026-04-29,750000,2,0,0,3.58,dry,615.87,629.61,MEDIUM
Colombo,2026-04-30,750000,3,0,1,5.25,dry,629.61,745.28,HIGH
Colombo,2026-05-01,750000,4,0,0,18.16,monsoon,745.28,660.42,HIGH
Colombo,2026-05-02,750000,5,1,0,6.19,monsoon,660.42,708.13,HIGH
Colombo,2026-05-03,750000,6,1,0,7.06,monsoon,708.13,735.26,HIGH
Colombo,2026-05-04,750000,0,0,0,0.55,monsoon,735.26,624.81,MEDIUM
Colombo,2026-05-05,750000,1,0,0,9.4,monsoon,624.81,543.35,MEDIUM
Colombo,2026-05-06,750000,2,0,0,13.4,monsoon,543.35,562.97,MEDIUM
Colombo,2026-05-07,750000,3,0,0,0.46,monsoon,562.97,537.62,MEDIUM
Colombo,2026-05-08,750000,4,0,0,11.08,monsoon,537.62,540.64,MEDIUM
Colombo,2026-05-09,750000,5,1,0,22.04,monsoon,540.64,586.33,MEDIUM
Colombo,2026-05-10,750000,6,1,0,1.34,monsoon,586.33,624.84,MEDIUM
Colombo,2026-05-11,750000,0,0,0,0.8,monsoon,624.84,660.86,HIGH
Colombo,2026-05-12,750000,1,0,0,15.22,monsoon,660.86,663.53,HIGH
Colombo,2026-05-13,750000,2,0,0,19.42,monsoon,663.53,613.44,MEDIUM
Colombo,2026-05-14,750000,3,0,0,5.85,monsoon,613.44,600.4,MEDIUM
Colombo,2026-05-15,750000,4,0,0,23.78,monsoon,600.4,510.8,LOW
Colombo,2026-05-16,750000,5,1,0,1.23,monsoon,510.8,570.21,MEDIUM
Colombo,2026-05-17,750000,6,1,0,0.39,monsoon,570.21,629.6,MEDIUM
Colombo,2026-05-18,750000,0,0,0,2.85,monsoon,629.6,642.77,MEDIUM
Colombo,2026-05-19,750000,1,0,0,2.55,monsoon,642.77,611.57,MEDIUM
Colombo,2026-05-20,750000,2,0,0,18.81,monsoon,611.57,541.69,MEDIUM
Colombo,2026-05-21,750000,3,0,0,16.19,monsoon,541.69,562.71,MEDIUM
Colombo,2026-05-22,750000,4,0,0,14.19,monsoon,562.71,609.05,MEDIUM
Colombo,2026-05-23,750000,5,1,0,8.16,monsoon,609.05,653.09,HIGH
Colombo,2026-05-24,750000,6,1,0,21.27,monsoon,653.09,593.07,MEDIUM
Colombo,2026-05-25,750000,0,0,0,0.22,monsoon,593.07,571.11,MEDIUM
Colombo,2026-05-26,750000,1,0,0,1.54,monsoon,571.11,619.45,MEDIUM
Colombo,2026-05-27,750000,2,0,0,10.15,monsoon,619.45,554.56,MEDIUM
Colombo,2026-05-28,750000,3,0,0,8.53,monsoon,554.56,555.57,MEDIUM
Colombo,2026-05-29,750000,4,0,0,7.63,monsoon,555.57,602.43,MEDIUM
Colombo,2026-05-30,750000,5,1,1,0.7,monsoon,602.43,874.51,HIGH
Colombo,2026-05-31,750000,6,1,0,7.04,monsoon,874.51,827.93,HIGH
Colombo,2026-06-01,750000,0,0,0,29.12,monsoon,827.93,691.73,HIGH
Colombo,2026-06-02,750000,1,0,0,16.12,monsoon,691.73,621.42,MEDIUM
Colombo,2026-06-03,750000,2,0,0,13.22,monsoon,621.42,593.67,MEDIUM
Colombo,2026-06-04,750000,3,0,0,42.26,monsoon,593.67,466.91,LOW
Colombo,2026-06-05,750000,4,0,0,15.46,monsoon,466.91,550.72,MEDIUM
Colombo,2026-06-06,750000,5,1,0,9.19,monsoon,550.72,659.42,HIGH
Colombo,2026-06-07,750000,6,1,0,7.32,monsoon,659.42,704.6,HIGH
Colombo,2026-06-08,750000,0,0,0,48.74,monsoon,704.6,556.51,MEDIUM
Colombo,2026-06-09,750000,1,0,0,5.76,monsoon,556.51,565.35,MEDIUM
Colombo,2026-06-10,750000,2,0,0,27.95,monsoon,565.35,490.03,LOW
Colombo,2026-06-11,750000,3,0,0,17.9,monsoon,490.03,516.27,LOW
Colombo,2026-06-12,750000,4,0,0,14.87,monsoon,516.27,549.57,MEDIUM
Colombo,2026-06-13,750000,5,1,0,24.4,monsoon,549.57,591.84,MEDIUM
Colombo,2026-06-14,750000,6,1,0,4.97,monsoon,591.84,679.26,HIGH
Colombo,2026-06-15,750000,0,0,0,24.66,monsoon,679.26,538.82,MEDIUM
Colombo,2026-06-16,750000,1,0,0,69.86,monsoon,538.82,445.32,LOW
Colombo,2026-06-17,750000,2,0,0,22.47,monsoon,445.32,419.19,LOW
Colombo,2026-06-18,750000,3,0,0,6.25,monsoon,419.19,534.52,MEDIUM
Colombo,2026-06-19,750000,4,0,0,21.07,monsoon,534.52,481.3,LOW
Colombo,2026-06-20,750000,5,1,0,1.63,monsoon,481.3,600.52,MEDIUM
Colombo,2026-06-21,750000,6,1,0,26.27,monsoon,600.52,628.05,MEDIUM
Colombo,2026-06-22,750000,0,0,0,5.79,monsoon,628.05,588.55,MEDIUM
Colombo,2026-06-23,750000,1,0,0,0.16,monsoon,588.55,599.54,MEDIUM
Colombo,2026-06-24,750000,2,0,0,35.37,monsoon,599.54,515.3,LOW
Colombo,2026-06-25,750000,3,0,0,44.95,monsoon,515.3,467.76,LOW
Colombo,2026-06-26,750000,4,0,0,45.12,monsoon,467.76,517.4,LOW
Colombo,2026-06-27,750000,5,1,0,8.93,monsoon,517.4,650.9,HIGH
Colombo,2026-06-28,750000,6,1,0,5.21,monsoon,650.9,731.6,HIGH
Colombo,2026-06-29,750000,0,0,1,20.94,monsoon,731.6,694.27,HIGH
Colombo,2026-06-30,750000,1,0,0,23.52,monsoon,694.27,545.88,MEDIUM
Colombo,2026-07-01,750000,2,0,0,3.99,dry,545.88,553.94,MEDIUM
Colombo,2026-07-02,750000,3,0,0,2.91,dry,553.94,549.53,MEDIUM
Colombo,2026-07-03,750000,4,0,0,0.62,dry,549.53,578.62,MEDIUM
Colombo,2026-07-04,750000,5,1,0,0.77,dry,578.62,673.41,HIGH
Colombo,2026-07-05,750000,6,1,0,0.53,dry,673.41,748.84,HIGH
Colombo,2026-07-06,750000,0,0,0,0.44,dry,748.84,643.48,MEDIUM
Colombo,2026-07-07,750000,1,0,0,8.63,dry,643.48,608.72,MEDIUM
Colombo,2026-07-08,750000,2,0,0,6.12,dry,608.72,618.08,MEDIUM
Colombo,2026-07-09,750000,3,0,0,14.71,dry,618.08,576.86,MEDIUM
Colombo,2026-07-10,750000,4,0,0,21.34,dry,576.86,494.03,LOW
Colombo,2026-07-11,750000,5,1,0,0.44,dry,494.03,645.76,MEDIUM
Colombo,2026-07-12,750000,6,1,0,7.51,dry,645.76,637.46,MEDIUM
Colombo,2026-07-13,750000,0,0,0,11.84,dry,637.46,644.14,MEDIUM
Colombo,2026-07-14,750000,1,0,0,0.59,dry,644.14,594.81,MEDIUM
Colombo,2026-07-15,750000,2,0,0,3.16,dry,594.81,578.53,MEDIUM
Colombo,2026-07-16,750000,3,0,0,0.29,dry,578.53,606.27,MEDIUM
Colombo,2026-07-17,750000,4,0,0,4.38,dry,606.27,606.06,MEDIUM
Colombo,2026-07-18,750000,5,1,0,16.37,dry,606.06,631.27,MEDIUM
Colombo,2026-07-19,750000,6,1,0,10.15,dry,631.27,662.67,HIGH
Colombo,2026-07-20,750000,0,0,0,1.27,dry,662.67,614.55,MEDIUM
Colombo,2026-07-21,750000,1,0,0,24.78,dry,614.55,557.33,MEDIUM
Colombo,2026-07-22,750000,2,0,0,0.38,dry,557.33,573.24,MEDIUM
Colombo,2026-07-23,750000,3,0,0,3.7,dry,573.24,569.4,MEDIUM
Colombo,2026-07-24,750000,4,0,0,4.96,dry,569.4,553.8,MEDIUM
Colombo,2026-07-25,750000,5,1,0,4.94,dry,553.8,694.18,HIGH
Colombo,2026-07-26,750000,6,1,0,4.39,dry,694.18,719.47,HIGH
Colombo,2026-07-27,750000,0,0,0,4.84,dry,719.47,668.45,HIGH
Colombo,2026-07-28,750000,1,0,1,1.62,dry,668.45,764.9,HIGH
Colombo,2026-07-29,750000,2,0,0,2.18,dry,764.9,625.59,MEDIUM
Colombo,2026-07-30,750000,3,0,0,4.38,dry,625.59,540.25,MEDIUM
Colombo,2026-07-31,750000,4,0,0,8.4,dry,540.25,561.57,MEDIUM
Colombo,2026-08-01,750000,5,1,0,5.77,dry,561.57,667.21,HIGH
Colombo,2026-08-02,750000,6,1,0,2.71,dry,667.21,748.61,HIGH
Colombo,2026-08-03,750000,0,0,0,13.5,dry,748.61,653.49,HIGH
Colombo,2026-08-04,750000,1,0,0,8.32,dry,653.49,600.06,MEDIUM
Colombo,2026-08-05,750000,2,0,0,21.82,dry,600.06,531.46,LOW
Colombo,2026-08-06,750000,3,0,0,2.4,dry,531.46,516.12,LOW
Colombo,2026-08-07,750000,4,0,0,17.52,dry,516.12,547.06,MEDIUM
Colombo,2026-08-08,750000,5,1,0,3.16,dry,547.06,645.84,MEDIUM
Colombo,2026-08-09,750000,6,1,0,2.68,dry,645.84,691.74,HIGH
Colombo,2026-08-10,750000,0,0,0,10.0,dry,691.74,625.56,MEDIUM
Colombo,2026-08-11,750000,1,0,0,8.38,dry,625.56,636.67,MEDIUM
Colombo,2026-08-12,750000,2,0,0,14.48,dry,636.67,608.37,MEDIUM
Colombo,2026-08-13,750000,3,0,0,9.47,dry,608.37,576.63,MEDIUM
Colombo,2026-08-14,750000,4,0,0,0.69,dry,576.63,524.59,LOW
Colombo,2026-08-15,750000,5,1,0,15.4,dry,524.59,586.59,MEDIUM
Colombo,2026-08-16,750000,6,1,0,5.57,dry,586.59,675.79,HIGH
Colombo,2026-08-17,750000,0,0,0,4.81,dry,675.79,595.86,MEDIUM
Colombo,2026-08-18,750000,1,0,0,5.57,dry,595.86,570.63,MEDIUM
Colombo,2026-08-19,750000,2,0,0,3.67,dry,570.63,569.8,MEDIUM
Colombo,2026-08-20,750000,3,0,0,9.56,dry,569.8,609.78,MEDIUM
Colombo,2026-08-21,750000,4,0,0,4.01,dry,609.78,615.01,MEDIUM
Colombo,2026-08-22,750000,5,1,0,2.58,dry,615.01,681.74,HIGH
Colombo,2026-08-23,750000,6,1,0,0.72,dry,681.74,757.32,HIGH
Colombo,2026-08-24,750000,0,0,0,1.2,dry,757.32,684.6,HIGH
Colombo,2026-08-25,750000,1,0,0,0.73,dry,684.6,574.87,MEDIUM
Colombo,2026-08-26,750000,2,0,0,2.88,dry,574.87,609.31,MEDIUM
Colombo,2026-08-27,750000,3,0,1,11.73,dry,609.31,738.01,HIGH
Colombo,2026-08-28,750000,4,0,0,7.65,dry,738.01,589.2,MEDIUM
Colombo,2026-08-29,750000,5,1,0,2.53,dry,589.2,689.83,HIGH
Colombo,2026-08-30,750000,6,1,0,14.93,dry,689.83,729.39,HIGH
Colombo,2026-08-31,750000,0,0,0,0.8,dry,729.39,645.53,MEDIUM
Colombo,2026-09-01,750000,1,0,0,4.48,monsoon,645.53,626.41,MEDIUM
Colombo,2026-09-02,750000,2,0,0,9.22,monsoon,626.41,594.28,MEDIUM
Colombo,2026-09-03,750000,3,0,0,5.98,monsoon,594.28,589.73,MEDIUM
Colombo,2026-09-04,750000,4,0,0,15.05,monsoon,589.73,572.66,MEDIUM
Colombo,2026-09-05,750000,5,1,0,2.07,monsoon,572.66,650.6,HIGH
Colombo,2026-09-06,750000,6,1,0,2.06,monsoon,650.6,666.56,HIGH
Colombo,2026-09-07,750000,0,0,0,6.36,monsoon,666.56,628.25,MEDIUM
Colombo,2026-09-08,750000,1,0,0,34.06,monsoon,628.25,593.63,MEDIUM
Colombo,2026-09-09,750000,2,0,0,2.84,monsoon,593.63,569.09,MEDIUM
Colombo,2026-09-10,750000,3,0,0,3.2,monsoon,569.09,542.86,MEDIUM
Colombo,2026-09-11,750000,4,0,0,1.39,monsoon,542.86,536.96,MEDIUM
Colombo,2026-09-12,750000,5,1,0,1.93,monsoon,536.96,591.85,MEDIUM
Colombo,2026-09-13,750000,6,1,0,6.79,monsoon,591.85,658.37,HIGH
Colombo,2026-09-14,750000,0,0,0,10.5,monsoon,658.37,607.57,MEDIUM
Colombo,2026-09-15,750000,1,0,0,24.1,monsoon,607.57,527.71,LOW
Colombo,2026-09-16,750000,2,0,0,14.83,monsoon,527.71,569.05,MEDIUM
Colombo,2026-09-17,750000,3,0,0,20.69,monsoon,569.05,491.75,LOW
Colombo,2026-09-18,750000,4,0,0,3.06,monsoon,491.75,511.73,LOW
Colombo,2026-09-19,750000,5,1,0,9.94,monsoon,511.73,583.14,MEDIUM
Colombo,2026-09-20,750000,6,1,0,14.45,monsoon,583.14,641.12,MEDIUM
Colombo,2026-09-21,750000,0,0,0,20.64,monsoon,641.12,479.98,LOW
Colombo,2026-09-22,750000,1,0,0,0.56,monsoon,479.98,545.18,MEDIUM
Colombo,2026-09-23,750000,2,0,0,33.84,monsoon,545.18,470.67,LOW
Colombo,2026-09-24,750000,3,0,0,10.75,monsoon,470.67,489.24,LOW
Colombo,2026-09-25,750000,4,0,0,8.9,monsoon,489.24,528.11,LOW
Colombo,2026-09-26,750000,5,1,1,11.41,monsoon,528.11,761.08,HIGH
Colombo,2026-09-27,750000,6,1,0,7.1,monsoon,761.08,735.62,HIGH
Colombo,2026-09-28,750000,0,0,0,0.3,monsoon,735.62,619.21,MEDIUM
Colombo,2026-09-29,750000,1,0,0,5.95,monsoon,619.21,572.45,MEDIUM
Colombo,2026-09-30,750000,2,0,0,1.91,monsoon,572.45,573.61,MEDIUM
Colombo,2026-10-01,750000,3,0,0,17.05,monsoon,573.61,593.67,MEDIUM
Colombo,2026-10-02,750000,4,0,0,23.35,monsoon,593.67,495.69,LOW
Colombo,2026-10-03,750000,5,1,0,11.55,monsoon,495.69,608.37,MEDIUM
Colombo,2026-10-04,750000,6,1,0,13.26,monsoon,608.37,660.86,HIGH
Colombo,2026-10-05,750000,0,0,0,2.05,monsoon,660.86,656.18,HIGH
Colombo,2026-10-06,750000,1,0,0,5.01,monsoon,656.18,648.59,HIGH
Colombo,2026-10-07,750000,2,0,0,12.69,monsoon,648.59,568.71,MEDIUM
Colombo,2026-10-08,750000,3,0,0,6.6,monsoon,568.71,566.38,MEDIUM
Colombo,2026-10-09,750000,4,0,0,4.06,monsoon,566.38,568.02,MEDIUM
Colombo,2026-10-10,750000,5,1,0,1.61,monsoon,568.02,637.17,MEDIUM
Colombo,2026-10-11,750000,6,1,0,2.63,monsoon,637.17,672.2,HIGH
Colombo,2026-10-12,750000,0,0,0,3.1,monsoon,672.2,594.05,MEDIUM
Colombo,2026-10-13,750000,1,0,0,34.06,monsoon,594.05,505.11,LOW
Colombo,2026-10-14,750000,2,0,0,1.25,monsoon,505.11,463.42,LOW
Colombo,2026-10-15,750000,3,0,0,60.58,monsoon,463.42,480.92,LOW
Colombo,2026-10-16,750000,4,0,0,1.78,monsoon,480.92,532.68,LOW
Colombo,2026-10-17,750000,5,1,0,30.09,monsoon,532.68,564.37,MEDIUM
Colombo,2026-10-18,750000,6,1,0,25.48,monsoon,564.37,562.79,MEDIUM
Colombo,2026-10-19,750000,0,0,0,16.57,monsoon,562.79,547.67,MEDIUM
Colombo,2026-10-20,750000,1,0,0,39.76,monsoon,547.67,557.04,MEDIUM
Colombo,2026-10-21,750000,2,0,0,4.93,monsoon,557.04,605.32,MEDIUM
Colombo,2026-10-22,750000,3,0,0,22.01,monsoon,605.32,509.64,LOW
Colombo,2026-10-23,750000,4,0,0,8.31,monsoon,509.64,507.89,LOW
Colombo,2026-10-24,750000,5,1,0,10.63,monsoon,507.89,602.57,MEDIUM
Colombo,2026-10-25,750000,6,1,1,14.15,monsoon,602.57,828.77,HIGH
Colombo,2026-10-26,750000,0,0,0,5.11,monsoon,828.77,663.6,HIGH
Colombo,2026-10-27,750000,1,0,0,9.84,monsoon,663.6,620.58,MEDIUM
Colombo,2026-10-28,750000,2,0,0,11.41,monsoon,620.58,587.36,MEDIUM
Colombo,2026-10-29,750000,3,0,0,2.17,monsoon,587.36,563.47,MEDIUM
Colombo,2026-10-30,750000,4,0,0,0.98,monsoon,563.47,546.06,MEDIUM
Colombo,2026-10-31,750000,5,1,0,17.16,monsoon,546.06,658.8,HIGH
Colombo,2026-11-01,750000,6,1,0,21.42,monsoon,658.8,611.68,MEDIUM
Colombo,2026-11-02,750000,0,0,0,7.96,monsoon,611.68,655.54,HIGH
Colombo,2026-11-03,750000,1,0,0,6.44,monsoon,655.54,613.79,MEDIUM
Colombo,2026-11-04,750000,2,0,0,3.0,monsoon,613.79,590.66,MEDIUM
Colombo,2026-11-05,750000,3,0,0,1.03,monsoon,590.66,590.31,MEDIUM
Colombo,2026-11-06,750000,4,0,0,27.66,monsoon,590.31,563.2,MEDIUM
Colombo,2026-11-07,750000,5,1,0,2.26,monsoon,563.2,630.56,MEDIUM
Colombo,2026-11-08,750000,6,1,0,2.68,monsoon,630.56,702.56,HIGH
Colombo,2026-11-09,750000,0,0,0,2.69,monsoon,702.56,647.81,HIGH
Colombo,2026-11-10,750000,1,0,0,11.11,monsoon,647.81,634.26,MEDIUM
Colombo,2026-11-11,750000,2,0,0,6.67,monsoon,634.26,590.78,MEDIUM
Colombo,2026-11-12,750000,3,0,0,25.44,monsoon,590.78,545.63,MEDIUM
Colombo,2026-11-13,750000,4,0,0,8.67,monsoon,545.63,535.04,MEDIUM
Colombo,2026-11-14,750000,5,1,0,5.38,monsoon,535.04,568.36,MEDIUM
Colombo,2026-11-15,750000,6,1,0,20.65,monsoon,568.36,540.77,MEDIUM
Colombo,2026-11-16,750000,0,0,0,34.48,monsoon,540.77,496.92,LOW
Colombo,2026-11-17,750000,1,0,0,7.26,monsoon,496.92,554.81,MEDIUM
Colombo,2026-11-18,750000,2,0,0,14.68,monsoon,554.81,561.35,MEDIUM
Colombo,2026-11-19,750000,3,0,0,1.86,monsoon,561.35,566.57,MEDIUM
Colombo,2026-11-20,750000,4,0,0,6.12,monsoon,566.57,580.54,MEDIUM
Colombo,2026-11-21,750000,5,1,0,2.25,monsoon,580.54,671.57,HIGH
Colombo,2026-11-22,750000,6,1,0,11.44,monsoon,671.57,744.67,HIGH
Colombo,2026-11-23,750000,0,0,0,33.65,monsoon,744.67,574.52,MEDIUM
Colombo,2026-11-24,750000,1,0,1,5.6,monsoon,574.52,721.99,HIGH
Colombo,2026-11-25,750000,2,0,0,4.29,monsoon,721.99,684.71,HIGH
Colombo,2026-11-26,750000,3,0,0,31.41,monsoon,684.71,572.55,MEDIUM
Colombo,2026-11-27,750000,4,0,0,6.28,monsoon,572.55,603.72,MEDIUM
Colombo,2026-11-28,750000,5,1,0,2.44,monsoon,603.72,658.07,HIGH
Colombo,2026-11-29,750000,6,1,0,3.91,monsoon,658.07,728.94,HIGH
Colombo,2026-11-30,750000,0,0,0,15.37,monsoon,728.94,673.1,HIGH
Colombo,2026-12-01,750000,1,0,0,5.92,dry,673.1,571.89,MEDIUM
Colombo,2026-12-02,750000,2,0,0,2.12,dry,571.89,575.1,MEDIUM
Colombo,2026-12-03,750000,3,0,0,1.0,dry,575.1,573.6,MEDIUM
Colombo,2026-12-04,750000,4,0,0,2.56,dry,573.6,591.55,MEDIUM
Colombo,2026-12-05,750000,5,1,0,3.1,dry,591.55,668.66,HIGH
Colombo,2026-12-06,750000,6,1,0,4.73,dry,668.66,782.26,HIGH
Colombo,2026-12-07,750000,0,0,0,0.09,dry,782.26,722.51,HIGH
Colombo,2026-12-08,750000,1,0,0,12.79,dry,722.51,659.1,HIGH
Colombo,2026-12-09,750000,2,0,0,6.14,dry,659.1,617.84,MEDIUM
Colombo,2026-12-10,750000,3,0,0,4.67,dry,617.84,558.11,MEDIUM
Colombo,2026-12-11,750000,4,0,0,2.76,dry,558.11,565.48,MEDIUM
Colombo,2026-12-12,750000,5,1,0,12.99,dry,565.48,651.4,HIGH
Colombo,2026-12-13,750000,6,1,0,3.0,dry,651.4,769.39,HIGH
Colombo,2026-12-14,750000,0,0,0,2.55,dry,769.39,680.68,HIGH
Colombo,2026-12-15,750000,1,0,0,0.28,dry,680.68,651.71,HIGH
Colombo,2026-12-16,750000,2,0,0,0.02,dry,651.71,590.72,MEDIUM
Colombo,2026-12-17,750000,3,0,0,2.03,dry,590.72,600.58,MEDIUM
Colombo,2026-12-18,750000,4,0,0,12.62,dry,600.58,516.27,LOW
Colombo,2026-12-19,750000,5,1,0,2.13,dry,516.27,656.01,HIGH
Colombo,2026-12-20,750000,6,1,0,3.01,dry,656.01,677.63,HIGH
Colombo,2026-12-21,750000,0,0,0,1.27,dry,677.63,588.41,MEDIUM
Colombo,2026-12-22,750000,1,0,0,0.97,dry,588.41,571.26,MEDIUM
Colombo,2026-12-23,750000,2,0,1,3.45,dry,571.26,731.23,HIGH
Colombo,2026-12-24,750000,3,0,0,2.25,dry,731.23,642.44,MEDIUM
Colombo,2026-12-25,750000,4,0,0,4.34,dry,642.44,573.86,MEDIUM
Colombo,2026-12-26,750000,5,1,0,16.23,dry,573.86,667.94,HIGH
Colombo,2026-12-27,750000,6,1,0,0.8,dry,667.94,685.03,HIGH
Colombo,2026-12-28,750000,0,0,0,28.84,dry,685.03,556.76,MEDIUM
Colombo,2026-12-29,750000,1,0,0,3.49,dry,556.76,540.57,MEDIUM
Colombo,2026-12-30,750000,2,0,0,6.93,dry,540.57,555.74,MEDIUM
Colombo,2026-12-31,750000,3,0,0,1.18,dry,555.74,555.89,MEDIUM
Kandy,2026-01-01,130000,3,0,0,1.06,dry,78.0,78.6,MEDIUM
Kandy,2026-01-02,130000,4,0,0,0.19,dry,78.6,88.33,MEDIUM
Kandy,2026-01-03,130000,5,1,1,0.34,dry,88.33,115.23,HIGH
Kandy,2026-01-04,130000,6,1,0,7.47,dry,115.23,116.52,HIGH
Kandy,2026-01-05,130000,0,0,0,2.91,dry,116.52,86.89,MEDIUM
Kandy,2026-01-06,130000,1,0,0,2.56,dry,86.89,77.85,MEDIUM
Kandy,2026-01-07,130000,2,0,0,1.0,dry,77.85,78.72,MEDIUM
Kandy,2026-01-08,130000,3,0,0,9.89,dry,78.72,77.78,MEDIUM
Kandy,2026-01-09,130000,4,0,0,1.58,dry,77.78,79.95,MEDIUM
Kandy,2026-01-10,130000,5,1,0,5.16,dry,79.95,89.41,MEDIUM
Kandy,2026-01-11,130000,6,1,0,0.85,dry,89.41,95.99,HIGH
Kandy,2026-01-12,130000,0,0,0,6.29,dry,95.99,86.65,MEDIUM
Kandy,2026-01-13,130000,1,0,0,1.25,dry,86.65,82.44,MEDIUM
Kandy,2026-01-14,130000,2,0,0,1.31,dry,82.44,80.61,MEDIUM
Kandy,2026-01-15,130000,3,0,0,0.98,dry,80.61,78.79,MEDIUM
Kandy,2026-01-16,130000,4,0,0,5.29,dry,78.79,77.03,MEDIUM
Kandy,2026-01-17,130000,5,1,0,1.39,dry,77.03,88.25,MEDIUM
Kandy,2026-01-18,130000,6,1,0,6.41,dry,88.25,96.51,HIGH
Kandy,2026-01-19,130000,0,0,0,2.53,dry,96.51,88.24,MEDIUM
Kandy,2026-01-20,130000,1,0,0,5.51,dry,88.24,80.56,MEDIUM
Kandy,2026-01-21,130000,2,0,0,11.33,dry,80.56,75.62,MEDIUM
Kandy,2026-01-22,130000,3,0,0,0.07,dry,75.62,70.3,LOW
Kandy,2026-01-23,130000,4,0,0,11.16,dry,70.3,81.03,MEDIUM
Kandy,2026-01-24,130000,5,1,0,8.5,dry,81.03,86.6,MEDIUM
Kandy,2026-01-25,130000,6,1,0,2.39,dry,86.6,91.46,HIGH
Kandy,2026-01-26,130000,0,0,0,4.46,dry,91.46,87.68,MEDIUM
Kandy,2026-01-27,130000,1,0,0,2.63,dry,87.68,77.33,MEDIUM
Kandy,2026-01-28,130000,2,0,0,4.02,dry,77.33,70.83,LOW
Kandy,2026-01-29,130000,3,0,0,14.83,dry,70.83,72.29,LOW
Kandy,2026-01-30,130000,4,0,0,7.21,dry,72.29,78.93,MEDIUM
Kandy,2026-01-31,130000,5,1,0,8.04,dry,78.93,90.12,HIGH
Kandy,2026-02-01,130000,6,1,1,2.77,dry,90.12,129.24,HIGH
Kandy,2026-02-02,130000,0,0,0,1.49,dry,129.24,106.24,HIGH
Kandy,2026-02-03,130000,1,0,0,0.75,dry,106.24,87.1,MEDIUM
Kandy,2026-02-04,130000,2,0,0,1.59,dry,87.1,82.94,MEDIUM
Kandy,2026-02-05,130000,3,0,0,0.09,dry,82.94,74.12,MEDIUM
Kandy,2026-02-06,130000,4,0,0,4.04,dry,74.12,78.21,MEDIUM
Kandy,2026-02-07,130000,5,1,0,5.27,dry,78.21,87.99,MEDIUM
Kandy,2026-02-08,130000,6,1,0,0.06,dry,87.99,97.5,HIGH
Kandy,2026-02-09,130000,0,0,0,0.74,dry,97.5,94.07,HIGH
Kandy,2026-02-10,130000,1,0,0,5.47,dry,94.07,92.16,HIGH
Kandy,2026-02-11,130000,2,0,0,0.96,dry,92.16,84.46,MEDIUM
Kandy,2026-02-12,130000,3,0,0,2.42,dry,84.46,84.38,MEDIUM
Kandy,2026-02-13,130000,4,0,0,3.66,dry,84.38,79.83,MEDIUM
Kandy,2026-02-14,130000,5,1,0,4.62,dry,79.83,91.53,HIGH
Kandy,2026-02-15,130000,6,1,0,1.41,dry,91.53,91.53,HIGH
Kandy,2026-02-16,130000,0,0,0,2.2,dry,91.53,81.65,MEDIUM
Kandy,2026-02-17,130000,1,0,0,6.35,dry,81.65,82.07,MEDIUM
Kandy,2026-02-18,130000,2,0,0,3.23,dry,82.07,73.19,LOW
Kandy,2026-02-19,130000,3,0,0,5.45,dry,73.19,75.97,MEDIUM
Kandy,2026-02-20,130000,4,0,0,1.21,dry,75.97,77.68,MEDIUM
Kandy,2026-02-21,130000,5,1,0,0.16,dry,77.68,91.89,HIGH
Kandy,2026-02-22,130000,6,1,0,0.26,dry,91.89,91.76,HIGH
Kandy,2026-02-23,130000,0,0,0,3.43,dry,91.76,78.29,MEDIUM
Kandy,2026-02-24,130000,1,0,0,7.37,dry,78.29,82.0,MEDIUM
Kandy,2026-02-25,130000,2,0,0,0.56,dry,82.0,80.7,MEDIUM
Kandy,2026-02-26,130000,3,0,0,3.42,dry,80.7,78.04,MEDIUM
Kandy,2026-02-27,130000,4,0,0,5.83,dry,78.04,71.95,LOW
Kandy,2026-02-28,130000,5,1,0,8.55,dry,71.95,84.66,MEDIUM
Kandy,2026-03-01,130000,6,1,0,8.03,dry,84.66,89.29,MEDIUM
Kandy,2026-03-02,130000,0,0,0,4.46,dry,89.29,87.27,MEDIUM
Kandy,2026-03-03,130000,1,0,1,2.24,dry,87.27,98.15,HIGH
Kandy,2026-03-04,130000,2,0,0,3.9,dry,98.15,87.19,MEDIUM
Kandy,2026-03-05,130000,3,0,0,10.32,dry,87.19,85.78,MEDIUM
Kandy,2026-03-06,130000,4,0,0,5.38,dry,85.78,84.3,MEDIUM
Kandy,2026-03-07,130000,5,1,0,5.89,dry,84.3,91.55,HIGH
Kandy,2026-03-08,130000,6,1,0,3.36,dry,91.55,99.96,HIGH
Kandy,2026-03-09,130000,0,0,0,1.25,dry,99.96,92.17,HIGH
Kandy,2026-03-10,130000,1,0,0,0.17,dry,92.17,85.61,MEDIUM
Kandy,2026-03-11,130000,2,0,0,5.98,dry,85.61,83.55,MEDIUM
Kandy,2026-03-12,130000,3,0,0,17.71,dry,83.55,79.94,MEDIUM
Kandy,2026-03-13,130000,4,0,0,14.44,dry,79.94,83.37,MEDIUM
Kandy,2026-03-14,130000,5,1,0,9.31,dry,83.37,92.48,HIGH
Kandy,2026-03-15,130000,6,1,0,1.92,dry,92.48,92.54,HIGH
Kandy,2026-03-16,130000,0,0,0,0.64,dry,92.54,87.23,MEDIUM
Kandy,2026-03-17,130000,1,0,0,0.4,dry,87.23,78.55,MEDIUM
Kandy,2026-03-18,130000,2,0,0,6.45,dry,78.55,83.26,MEDIUM
Kandy,2026-03-19,130000,3,0,0,0.34,dry,83.26,82.24,MEDIUM
Kandy,2026-03-20,130000,4,0,0,7.82,dry,82.24,72.59,LOW
Kandy,2026-03-21,130000,5,1,0,1.92,dry,72.59,89.98,HIGH
Kandy,2026-03-22,130000,6,1,0,4.78,dry,89.98,97.69,HIGH
Kandy,2026-03-23,130000,0,0,0,1.33,dry,97.69,90.63,HIGH
Kandy,2026-03-24,130000,1,0,0,8.02,dry,90.63,84.5,MEDIUM
Kandy,2026-03-25,130000,2,0,0,30.91,dry,84.5,77.89,MEDIUM
Kandy,2026-03-26,130000,3,0,0,2.57,dry,77.89,75.28,MEDIUM
Kandy,2026-03-27,130000,4,0,0,3.27,dry,75.28,80.23,MEDIUM
Kandy,2026-03-28,130000,5,1,0,20.7,dry,80.23,83.11,MEDIUM
Kandy,2026-03-29,130000,6,1,0,7.31,dry,83.11,86.08,MEDIUM
Kandy,2026-03-30,130000,0,0,0,6.69,dry,86.08,75.18,MEDIUM
Kandy,2026-03-31,130000,1,0,0,1.36,dry,75.18,75.42,MEDIUM
Kandy,2026-04-01,130000,2,0,1,1.69,dry,75.42,92.75,HIGH
Kandy,2026-04-02,130000,3,0,0,1.76,dry,92.75,77.83,MEDIUM
Kandy,2026-04-03,130000,4,0,0,5.69,dry,77.83,73.21,LOW
Kandy,2026-04-04,130000,5,1,0,1.23,dry,73.21,86.3,MEDIUM
Kandy,2026-04-05,130000,6,1,0,10.56,dry,86.3,91.25,HIGH
Kandy,2026-04-06,130000,0,0,0,14.48,dry,91.25,93.63,HIGH
Kandy,2026-04-07,130000,1,0,0,0.91,dry,93.63,83.23,MEDIUM
Kandy,2026-04-08,130000,2,0,0,23.65,dry,83.23,77.1,MEDIUM
Kandy,2026-04-09,130000,3,0,0,3.59,dry,77.1,83.87,MEDIUM
Kandy,2026-04-10,130000,4,0,0,1.31,dry,83.87,78.92,MEDIUM
Kandy,2026-04-11,130000,5,1,0,1.03,dry,78.92,87.89,MEDIUM
Kandy,2026-04-12,130000,6,1,0,7.56,dry,87.89,93.45,HIGH
Kandy,2026-04-13,130000,0,0,0,17.39,dry,93.45,85.07,MEDIUM
Kandy,2026-04-14,130000,1,0,0,10.76,dry,85.07,80.08,MEDIUM
Kandy,2026-04-15,130000,2,0,0,7.1,dry,80.08,74.46,MEDIUM
Kandy,2026-04-16,130000,3,0,0,5.95,dry,74.46,77.57,MEDIUM
Kandy,2026-04-17,130000,4,0,0,1.27,dry,77.57,76.32,MEDIUM
Kandy,2026-04-18,130000,5,1,0,1.27,dry,76.32,97.93,HIGH
Kandy,2026-04-19,130000,6,1,0,4.34,dry,97.93,104.82,HIGH
Kandy,2026-04-20,130000,0,0,0,0.48,dry,104.82,89.99,HIGH
Kandy,2026-04-21,130000,1,0,0,0.69,dry,89.99,86.27,MEDIUM
Kandy,2026-04-22,130000,2,0,0,10.98,dry,86.27,84.26,MEDIUM
Kandy,2026-04-23,130000,3,0,0,4.0,dry,84.26,85.35,MEDIUM
Kandy,2026-04-24,130000,4,0,0,0.46,dry,85.35,74.86,MEDIUM
Kandy,2026-04-25,130000,5,1,0,1.5,dry,74.86,82.99,MEDIUM
Kandy,2026-04-26,130000,6,1,0,6.43,dry,82.99,89.29,MEDIUM
Kandy,2026-04-27,130000,0,0,0,1.24,dry,89.29,83.61,MEDIUM
Kandy,2026-04-28,130000,1,0,0,5.75,dry,83.61,67.23,LOW
Kandy,2026-04-29,130000,2,0,0,4.49,dry,67.23,69.22,LOW
Kandy,2026-04-30,130000,3,0,1,8.71,dry,69.22,97.18,HIGH
Kandy,2026-05-01,130000,4,0,0,12.51,monsoon,97.18,83.17,MEDIUM
Kandy,2026-05-02,130000,5,1,0,4.66,monsoon,83.17,93.61,HIGH
Kandy,2026-05-03,130000,6,1,0,16.11,monsoon,93.61,99.87,HIGH
Kandy,2026-05-04,130000,0,0,0,28.52,monsoon,99.87,81.62,MEDIUM
Kandy,2026-05-05,130000,1,0,0,27.21,monsoon,81.62,74.62,MEDIUM
Kandy,2026-05-06,130000,2,0,0,17.93,monsoon,74.62,80.24,MEDIUM
Kandy,2026-05-07,130000,3,0,0,20.96,monsoon,80.24,77.18,MEDIUM
Kandy,2026-05-08,130000,4,0,0,2.59,monsoon,77.18,76.15,MEDIUM
Kandy,2026-05-09,130000,5,1,0,20.41,monsoon,76.15,76.52,MEDIUM
Kandy,2026-05-10,130000,6,1,0,2.63,monsoon,76.52,90.48,HIGH
Kandy,2026-05-11,130000,0,0,0,10.62,monsoon,90.48,85.8,MEDIUM
Kandy,2026-05-12,130000,1,0,0,0.1,monsoon,85.8,85.09,MEDIUM
Kandy,2026-05-13,130000,2,0,0,59.6,monsoon,85.09,67.58,LOW
Kandy,2026-05-14,130000,3,0,0,14.99,monsoon,67.58,75.73,MEDIUM
Kandy,2026-05-15,130000,4,0,0,11.65,monsoon,75.73,71.6,LOW
Kandy,2026-05-16,130000,5,1,0,22.7,monsoon,71.6,78.46,MEDIUM
Kandy,2026-05-17,130000,6,1,0,11.69,monsoon,78.46,88.4,MEDIUM
Kandy,2026-05-18,130000,0,0,0,49.45,monsoon,88.4,79.59,MEDIUM
Kandy,2026-05-19,130000,1,0,0,40.33,monsoon,79.59,65.3,LOW
Kandy,2026-05-20,130000,2,0,0,1.62,monsoon,65.3,72.33,LOW
Kandy,2026-05-21,130000,3,0,0,1.05,monsoon,72.33,76.76,MEDIUM
Kandy,2026-05-22,130000,4,0,0,5.37,monsoon,76.76,75.96,MEDIUM
Kandy,2026-05-23,130000,5,1,0,13.09,monsoon,75.96,89.21,MEDIUM
Kandy,2026-05-24,130000,6,1,0,6.37,monsoon,89.21,94.27,HIGH
Kandy,2026-05-25,130000,0,0,0,30.78,monsoon,94.27,78.02,MEDIUM
Kandy,2026-05-26,130000,1,0,0,54.45,monsoon,78.02,71.64,LOW
Kandy,2026-05-27,130000,2,0,0,0.37,monsoon,71.64,72.77,LOW
Kandy,2026-05-28,130000,3,0,0,0.34,monsoon,72.77,74.87,MEDIUM
Kandy,2026-05-29,130000,4,0,0,22.07,monsoon,74.87,60.86,LOW
Kandy,2026-05-30,130000,5,1,1,17.25,monsoon,60.86,93.17,HIGH
Kandy,2026-05-31,130000,6,1,0,87.77,monsoon,93.17,86.99,MEDIUM
Kandy,2026-06-01,130000,0,0,0,8.33,monsoon,86.99,77.7,MEDIUM
Kandy,2026-06-02,130000,1,0,0,23.76,monsoon,77.7,69.37,LOW
Kandy,2026-06-03,130000,2,0,0,17.75,monsoon,69.37,78.06,MEDIUM
Kandy,2026-06-04,130000,3,0,0,4.79,monsoon,78.06,83.14,MEDIUM
Kandy,2026-06-05,130000,4,0,0,45.2,monsoon,83.14,71.65,LOW
Kandy,2026-06-06,130000,5,1,0,43.13,monsoon,71.65,72.97,LOW
Kandy,2026-06-07,130000,6,1,0,8.16,monsoon,72.97,82.02,MEDIUM
Kandy,2026-06-08,130000,0,0,0,4.81,monsoon,82.02,86.48,MEDIUM
Kandy,2026-06-09,130000,1,0,0,62.01,monsoon,86.48,77.52,MEDIUM
Kandy,2026-06-10,130000,2,0,0,3.92,monsoon,77.52,76.95,MEDIUM
Kandy,2026-06-11,130000,3,0,0,3.59,monsoon,76.95,77.77,MEDIUM
Kandy,2026-06-12,130000,4,0,0,6.9,monsoon,77.77,76.99,MEDIUM
Kandy,2026-06-13,130000,5,1,0,29.97,monsoon,76.99,82.18,MEDIUM
Kandy,2026-06-14,130000,6,1,0,3.08,monsoon,82.18,91.99,HIGH
Kandy,2026-06-15,130000,0,0,0,30.45,monsoon,91.99,79.26,MEDIUM
Kandy,2026-06-16,130000,1,0,0,27.94,monsoon,79.26,73.58,LOW
Kandy,2026-06-17,130000,2,0,0,21.47,monsoon,73.58,64.53,LOW
Kandy,2026-06-18,130000,3,0,0,0.5,monsoon,64.53,72.53,LOW
Kandy,2026-06-19,130000,4,0,0,38.05,monsoon,72.53,72.61,LOW
Kandy,2026-06-20,130000,5,1,0,9.85,monsoon,72.61,88.52,MEDIUM
Kandy,2026-06-21,130000,6,1,0,1.87,monsoon,88.52,97.21,HIGH
Kandy,2026-06-22,130000,0,0,0,8.44,monsoon,97.21,84.65,MEDIUM
Kandy,2026-06-23,130000,1,0,0,3.36,monsoon,84.65,78.44,MEDIUM
Kandy,2026-06-24,130000,2,0,0,13.08,monsoon,78.44,78.16,MEDIUM
Kandy,2026-06-25,130000,3,0,0,4.7,monsoon,78.16,75.61,MEDIUM
Kandy,2026-06-26,130000,4,0,0,9.11,monsoon,75.61,80.69,MEDIUM
Kandy,2026-06-27,130000,5,1,0,0.18,monsoon,80.69,90.57,HIGH
Kandy,2026-06-28,130000,6,1,0,9.81,monsoon,90.57,94.24,HIGH
Kandy,2026-06-29,130000,0,0,1,13.75,monsoon,94.24,111.64,HIGH
Kandy,2026-06-30,130000,1,0,0,29.5,monsoon,111.64,81.07,MEDIUM
Kandy,2026-07-01,130000,2,0,0,7.57,dry,81.07,79.44,MEDIUM
Kandy,2026-07-02,130000,3,0,0,0.55,dry,79.44,76.49,MEDIUM
Kandy,2026-07-03,130000,4,0,0,1.39,dry,76.49,86.62,MEDIUM
Kandy,2026-07-04,130000,5,1,0,6.06,dry,86.62,94.57,HIGH
Kandy,2026-07-05,130000,6,1,0,4.1,dry,94.57,95.81,HIGH
Kandy,2026-07-06,130000,0,0,0,2.16,dry,95.81,87.05,MEDIUM
Kandy,2026-07-07,130000,1,0,0,0.17,dry,87.05,81.83,MEDIUM
Kandy,2026-07-08,130000,2,0,0,0.71,dry,81.83,77.06,MEDIUM
Kandy,2026-07-09,130000,3,0,0,4.19,dry,77.06,81.39,MEDIUM
Kandy,2026-07-10,130000,4,0,0,1.12,dry,81.39,82.12,MEDIUM
Kandy,2026-07-11,130000,5,1,0,0.92,dry,82.12,93.15,HIGH
Kandy,2026-07-12,130000,6,1,0,6.13,dry,93.15,95.29,HIGH
Kandy,2026-07-13,130000,0,0,0,0.16,dry,95.29,93.71,HIGH
Kandy,2026-07-14,130000,1,0,0,10.24,dry,93.71,87.25,MEDIUM
Kandy,2026-07-15,130000,2,0,0,6.26,dry,87.25,80.37,MEDIUM
Kandy,2026-07-16,130000,3,0,0,8.43,dry,80.37,83.43,MEDIUM
Kandy,2026-07-17,130000,4,0,0,0.42,dry,83.43,81.16,MEDIUM
Kandy,2026-07-18,130000,5,1,0,8.5,dry,81.16,95.22,HIGH
Kandy,2026-07-19,130000,6,1,0,3.01,dry,95.22,101.17,HIGH
Kandy,2026-07-20,130000,0,0,0,6.58,dry,101.17,98.1,HIGH
Kandy,2026-07-21,130000,1,0,0,0.43,dry,98.1,84.02,MEDIUM
Kandy,2026-07-22,130000,2,0,0,7.8,dry,84.02,78.95,MEDIUM
Kandy,2026-07-23,130000,3,0,0,5.38,dry,78.95,90.04,HIGH
Kandy,2026-07-24,130000,4,0,0,6.35,dry,90.04,83.64,MEDIUM
Kandy,2026-07-25,130000,5,1,0,1.3,dry,83.64,88.55,MEDIUM
Kandy,2026-07-26,130000,6,1,0,5.7,dry,88.55,97.96,HIGH
Kandy,2026-07-27,130000,0,0,0,0.37,dry,97.96,92.24,HIGH
Kandy,2026-07-28,130000,1,0,1,6.49,dry,92.24,105.97,HIGH
Kandy,2026-07-29,130000,2,0,0,6.79,dry,105.97,84.71,MEDIUM
Kandy,2026-07-30,130000,3,0,0,2.32,dry,84.71,77.84,MEDIUM
Kandy,2026-07-31,130000,4,0,0,21.97,dry,77.84,64.04,LOW
Kandy,2026-08-01,130000,5,1,0,6.46,dry,64.04,89.48,MEDIUM
Kandy,2026-08-02,130000,6,1,0,3.33,dry,89.48,89.93,HIGH
Kandy,2026-08-03,130000,0,0,0,4.49,dry,89.93,81.73,MEDIUM
Kandy,2026-08-04,130000,1,0,0,12.17,dry,81.73,81.94,MEDIUM
Kandy,2026-08-05,130000,2,0,0,4.99,dry,81.94,75.08,MEDIUM
Kandy,2026-08-06,130000,3,0,0,6.6,dry,75.08,78.11,MEDIUM
Kandy,2026-08-07,130000,4,0,0,11.99,dry,78.11,75.38,MEDIUM
Kandy,2026-08-08,130000,5,1,0,0.99,dry,75.38,89.46,MEDIUM
Kandy,2026-08-09,130000,6,1,0,3.39,dry,89.46,95.15,HIGH
Kandy,2026-08-10,130000,0,0,0,1.42,dry,95.15,85.96,MEDIUM
Kandy,2026-08-11,130000,1,0,0,3.62,dry,85.96,86.13,MEDIUM
Kandy,2026-08-12,130000,2,0,0,2.23,dry,86.13,77.56,MEDIUM
Kandy,2026-08-13,130000,3,0,0,2.48,dry,77.56,79.02,MEDIUM
Kandy,2026-08-14,130000,4,0,0,17.44,dry,79.02,81.66,MEDIUM
Kandy,2026-08-15,130000,5,1,0,1.97,dry,81.66,86.95,MEDIUM
Kandy,2026-08-16,130000,6,1,0,7.42,dry,86.95,88.78,MEDIUM
Kandy,2026-08-17,130000,0,0,0,0.38,dry,88.78,82.33,MEDIUM
Kandy,2026-08-18,130000,1,0,0,0.93,dry,82.33,71.99,LOW
Kandy,2026-08-19,130000,2,0,0,8.83,dry,71.99,75.99,MEDIUM
Kandy,2026-08-20,130000,3,0,0,2.82,dry,75.99,79.52,MEDIUM
Kandy,2026-08-21,130000,4,0,0,6.13,dry,79.52,73.33,LOW
Kandy,2026-08-22,130000,5,1,0,0.91,dry,73.33,90.32,HIGH
Kandy,2026-08-23,130000,6,1,0,3.22,dry,90.32,101.55,HIGH
Kandy,2026-08-24,130000,0,0,0,9.29,dry,101.55,91.19,HIGH
Kandy,2026-08-25,130000,1,0,0,10.14,dry,91.19,89.66,MEDIUM
Kandy,2026-08-26,130000,2,0,0,1.15,dry,89.66,82.56,MEDIUM
Kandy,2026-08-27,130000,3,0,1,0.29,dry,82.56,98.2,HIGH
Kandy,2026-08-28,130000,4,0,0,3.79,dry,98.2,87.59,MEDIUM
Kandy,2026-08-29,130000,5,1,0,13.58,dry,87.59,91.18,HIGH
Kandy,2026-08-30,130000,6,1,0,1.9,dry,91.18,94.98,HIGH
Kandy,2026-08-31,130000,0,0,0,0.8,dry,94.98,86.53,MEDIUM
Kandy,2026-09-01,130000,1,0,0,64.72,monsoon,86.53,74.58,MEDIUM
Kandy,2026-09-02,130000,2,0,0,30.37,monsoon,74.58,70.43,LOW
Kandy,2026-09-03,130000,3,0,0,9.1,monsoon,70.43,66.02,LOW
Kandy,2026-09-04,130000,4,0,0,16.49,monsoon,66.02,83.47,MEDIUM
Kandy,2026-09-05,130000,5,1,0,2.26,monsoon,83.47,89.18,MEDIUM
Kandy,2026-09-06,130000,6,1,0,16.79,monsoon,89.18,98.64,HIGH
Kandy,2026-09-07,130000,0,0,0,52.55,monsoon,98.64,80.57,MEDIUM
Kandy,2026-09-08,130000,1,0,0,8.8,monsoon,80.57,76.75,MEDIUM
Kandy,2026-09-09,130000,2,0,0,30.39,monsoon,76.75,71.77,LOW
Kandy,2026-09-10,130000,3,0,0,27.31,monsoon,71.77,63.82,LOW
Kandy,2026-09-11,130000,4,0,0,43.4,monsoon,63.82,63.7,LOW
Kandy,2026-09-12,130000,5,1,0,14.43,monsoon,63.7,89.29,MEDIUM
Kandy,2026-09-13,130000,6,1,0,30.48,monsoon,89.29,84.82,MEDIUM
Kandy,2026-09-14,130000,0,0,0,40.09,monsoon,84.82,73.53,LOW
Kandy,2026-09-15,130000,1,0,0,17.54,monsoon,73.53,71.57,LOW
Kandy,2026-09-16,130000,2,0,0,16.13,monsoon,71.57,77.39,MEDIUM
Kandy,2026-09-17,130000,3,0,0,7.51,monsoon,77.39,74.69,MEDIUM
Kandy,2026-09-18,130000,4,0,0,16.09,monsoon,74.69,77.5,MEDIUM
Kandy,2026-09-19,130000,5,1,0,111.63,monsoon,77.5,84.39,MEDIUM
Kandy,2026-09-20,130000,6,1,0,22.88,monsoon,84.39,83.05,MEDIUM
Kandy,2026-09-21,130000,0,0,0,12.56,monsoon,83.05,82.73,MEDIUM
Kandy,2026-09-22,130000,1,0,0,7.77,monsoon,82.73,81.75,MEDIUM
Kandy,2026-09-23,130000,2,0,0,5.94,monsoon,81.75,83.96,MEDIUM
Kandy,2026-09-24,130000,3,0,0,21.55,monsoon,83.96,75.1,MEDIUM
Kandy,2026-09-25,130000,4,0,0,23.98,monsoon,75.1,73.93,LOW
Kandy,2026-09-26,130000,5,1,1,1.92,monsoon,73.93,108.18,HIGH
Kandy,2026-09-27,130000,6,1,0,11.8,monsoon,108.18,102.07,HIGH
Kandy,2026-09-28,130000,0,0,0,17.83,monsoon,102.07,83.62,MEDIUM
Kandy,2026-09-29,130000,1,0,0,7.38,monsoon,83.62,74.76,MEDIUM
Kandy,2026-09-30,130000,2,0,0,7.01,monsoon,74.76,75.19,MEDIUM
Kandy,2026-10-01,130000,3,0,0,3.87,monsoon,75.19,77.26,MEDIUM
Kandy,2026-10-02,130000,4,0,0,16.55,monsoon,77.26,74.9,MEDIUM
Kandy,2026-10-03,130000,5,1,0,14.49,monsoon,74.9,79.15,MEDIUM
Kandy,2026-10-04,130000,6,1,0,29.85,monsoon,79.15,78.66,MEDIUM
Kandy,2026-10-05,130000,0,0,0,10.98,monsoon,78.66,76.56,MEDIUM
Kandy,2026-10-06,130000,1,0,0,6.26,monsoon,76.56,77.2,MEDIUM
Kandy,2026-10-07,130000,2,0,0,7.18,monsoon,77.2,83.24,MEDIUM
Kandy,2026-10-08,130000,3,0,0,11.44,monsoon,83.24,73.5,LOW
Kandy,2026-10-09,130000,4,0,0,14.04,monsoon,73.5,78.4,MEDIUM
Kandy,2026-10-10,130000,5,1,0,18.99,monsoon,78.4,92.18,HIGH
Kandy,2026-10-11,130000,6,1,0,46.69,monsoon,92.18,87.08,MEDIUM
Kandy,2026-10-12,130000,0,0,0,39.27,monsoon,87.08,75.82,MEDIUM
Kandy,2026-10-13,130000,1,0,0,0.93,monsoon,75.82,76.17,MEDIUM
Kandy,2026-10-14,130000,2,0,0,1.6,monsoon,76.17,79.24,MEDIUM
Kandy,2026-10-15,130000,3,0,0,9.98,monsoon,79.24,75.23,MEDIUM
Kandy,2026-10-16,130000,4,0,0,5.51,monsoon,75.23,72.77,LOW
Kandy,2026-10-17,130000,5,1,0,24.37,monsoon,72.77,70.57,LOW
Kandy,2026-10-18,130000,6,1,0,14.14,monsoon,70.57,86.97,MEDIUM
Kandy,2026-10-19,130000,0,0,0,18.89,monsoon,86.97,80.13,MEDIUM
Kandy,2026-10-20,130000,1,0,0,1.95,monsoon,80.13,72.88,LOW
Kandy,2026-10-21,130000,2,0,0,3.0,monsoon,72.88,71.66,LOW
Kandy,2026-10-22,130000,3,0,0,11.17,monsoon,71.66,76.98,MEDIUM
Kandy,2026-10-23,130000,4,0,0,18.52,monsoon,76.98,78.12,MEDIUM
Kandy,2026-10-24,130000,5,1,0,4.45,monsoon,78.12,86.11,MEDIUM
Kandy,2026-10-25,130000,6,1,1,49.42,monsoon,86.11,111.61,HIGH
Kandy,2026-10-26,130000,0,0,0,11.99,monsoon,111.61,94.51,HIGH
Kandy,2026-10-27,130000,1,0,0,0.67,monsoon,94.51,88.1,MEDIUM
Kandy,2026-10-28,130000,2,0,0,13.8,monsoon,88.1,83.59,MEDIUM
Kandy,2026-10-29,130000,3,0,0,25.65,monsoon,83.59,71.61,LOW
Kandy,2026-10-30,130000,4,0,0,3.57,monsoon,71.61,76.37,MEDIUM
Kandy,2026-10-31,130000,5,1,0,14.16,monsoon,76.37,93.24,HIGH
Kandy,2026-11-01,130000,6,1,0,34.54,monsoon,93.24,87.45,MEDIUM
Kandy,2026-11-02,130000,0,0,0,6.54,monsoon,87.45,85.64,MEDIUM
Kandy,2026-11-03,130000,1,0,0,4.82,monsoon,85.64,79.09,MEDIUM
Kandy,2026-11-04,130000,2,0,0,25.94,monsoon,79.09,77.78,MEDIUM
Kandy,2026-11-05,130000,3,0,0,1.51,monsoon,77.78,74.66,MEDIUM
Kandy,2026-11-06,130000,4,0,0,14.67,monsoon,74.66,85.0,MEDIUM
Kandy,2026-11-07,130000,5,1,0,2.76,monsoon,85.0,88.9,MEDIUM
Kandy,2026-11-08,130000,6,1,0,20.03,monsoon,88.9,84.99,MEDIUM
Kandy,2026-11-09,130000,0,0,0,1.51,monsoon,84.99,83.26,MEDIUM
Kandy,2026-11-10,130000,1,0,0,0.36,monsoon,83.26,85.41,MEDIUM
Kandy,2026-11-11,130000,2,0,0,11.87,monsoon,85.41,88.03,MEDIUM
Kandy,2026-11-12,130000,3,0,0,3.96,monsoon,88.03,88.71,MEDIUM
Kandy,2026-11-13,130000,4,0,0,10.3,monsoon,88.71,76.78,MEDIUM
Kandy,2026-11-14,130000,5,1,0,66.08,monsoon,76.78,81.72,MEDIUM
Kandy,2026-11-15,130000,6,1,0,7.77,monsoon,81.72,88.82,MEDIUM
Kandy,2026-11-16,130000,0,0,0,8.38,monsoon,88.82,87.22,MEDIUM
Kandy,2026-11-17,130000,1,0,0,71.09,monsoon,87.22,78.65,MEDIUM
Kandy,2026-11-18,130000,2,0,0,2.06,monsoon,78.65,79.51,MEDIUM
Kandy,2026-11-19,130000,3,0,0,12.96,monsoon,79.51,76.67,MEDIUM
Kandy,2026-11-20,130000,4,0,0,4.81,monsoon,76.67,73.04,LOW
Kandy,2026-11-21,130000,5,1,0,6.58,monsoon,73.04,84.08,MEDIUM
Kandy,2026-11-22,130000,6,1,0,1.08,monsoon,84.08,90.23,HIGH
Kandy,2026-11-23,130000,0,0,0,24.17,monsoon,90.23,75.84,MEDIUM
Kandy,2026-11-24,130000,1,0,1,3.99,monsoon,75.84,100.17,HIGH
Kandy,2026-11-25,130000,2,0,0,15.78,monsoon,100.17,89.51,MEDIUM
Kandy,2026-11-26,130000,3,0,0,11.42,monsoon,89.51,79.18,MEDIUM
Kandy,2026-11-27,130000,4,0,0,16.61,monsoon,79.18,73.78,LOW
Kandy,2026-11-28,130000,5,1,0,77.09,monsoon,73.78,81.26,MEDIUM
Kandy,2026-11-29,130000,6,1,0,19.68,monsoon,81.26,99.16,HIGH
Kandy,2026-11-30,130000,0,0,0,9.39,monsoon,99.16,88.96,MEDIUM
Kandy,2026-12-01,130000,1,0,0,15.81,dry,88.96,80.82,MEDIUM
Kandy,2026-12-02,130000,2,0,0,0.96,dry,80.82,75.55,MEDIUM
Kandy,2026-12-03,130000,3,0,0,3.84,dry,75.55,79.23,MEDIUM
Kandy,2026-12-04,130000,4,0,0,0.51,dry,79.23,84.79,MEDIUM
Kandy,2026-12-05,130000,5,1,0,2.14,dry,84.79,92.41,HIGH
Kandy,2026-12-06,130000,6,1,0,5.47,dry,92.41,95.9,HIGH
Kandy,2026-12-07,130000,0,0,0,0.83,dry,95.9,81.46,MEDIUM
Kandy,2026-12-08,130000,1,0,0,24.45,dry,81.46,72.04,LOW
Kandy,2026-12-09,130000,2,0,0,9.23,dry,72.04,78.06,MEDIUM
Kandy,2026-12-10,130000,3,0,0,3.68,dry,78.06,75.11,MEDIUM
Kandy,2026-12-11,130000,4,0,0,7.04,dry,75.11,77.43,MEDIUM
Kandy,2026-12-12,130000,5,1,0,0.68,dry,77.43,91.34,HIGH
Kandy,2026-12-13,130000,6,1,0,6.17,dry,91.34,99.64,HIGH
Kandy,2026-12-14,130000,0,0,0,0.18,dry,99.64,84.65,MEDIUM
Kandy,2026-12-15,130000,1,0,0,2.23,dry,84.65,77.85,MEDIUM
Kandy,2026-12-16,130000,2,0,0,0.46,dry,77.85,78.27,MEDIUM
Kandy,2026-12-17,130000,3,0,0,1.82,dry,78.27,80.89,MEDIUM
Kandy,2026-12-18,130000,4,0,0,2.53,dry,80.89,87.85,MEDIUM
Kandy,2026-12-19,130000,5,1,0,3.63,dry,87.85,90.95,HIGH
Kandy,2026-12-20,130000,6,1,0,12.59,dry,90.95,98.13,HIGH
Kandy,2026-12-21,130000,0,0,0,9.53,dry,98.13,88.06,MEDIUM
Kandy,2026-12-22,130000,1,0,0,1.17,dry,88.06,81.32,MEDIUM
Kandy,2026-12-23,130000,2,0,1,10.52,dry,81.32,104.12,HIGH
Kandy,2026-12-24,130000,3,0,0,10.13,dry,104.12,93.28,HIGH
Kandy,2026-12-25,130000,4,0,0,1.82,dry,93.28,87.98,MEDIUM
Kandy,2026-12-26,130000,5,1,0,0.42,dry,87.98,90.8,HIGH
Kandy,2026-12-27,130000,6,1,0,5.94,dry,90.8,95.69,HIGH
Kandy,2026-12-28,130000,0,0,0,2.12,dry,95.69,87.04,MEDIUM
Kandy,2026-12-29,130000,1,0,0,8.64,dry,87.04,83.18,MEDIUM
Kandy,2026-12-30,130000,2,0,0,0.71,dry,83.18,90.21,HIGH
Kandy,2026-12-31,130000,3,0,0,7.24,dry,90.21,82.93,MEDIUM
Galle,2026-01-01,100000,3,0,0,0.96,dry,55.0,48.05,LOW
Galle,2026-01-02,100000,4,0,0,0.79,dry,48.05,51.7,LOW
Galle,2026-01-03,100000,5,1,1,2.29,dry,51.7,78.09,HIGH
Galle,2026-01-04,100000,6,1,0,2.83,dry,78.09,76.67,HIGH
Galle,2026-01-05,100000,0,0,0,1.87,dry,76.67,57.89,MEDIUM
Galle,2026-01-06,100000,1,0,0,0.56,dry,57.89,57.25,MEDIUM
Galle,2026-01-07,100000,2,0,0,5.12,dry,57.25,57.61,MEDIUM
Galle,2026-01-08,100000,3,0,0,5.25,dry,57.61,52.78,MEDIUM
Galle,2026-01-09,100000,4,0,0,0.82,dry,52.78,52.0,LOW
Galle,2026-01-10,100000,5,1,0,26.36,dry,52.0,55.2,MEDIUM
Galle,2026-01-11,100000,6,1,0,0.3,dry,55.2,61.81,MEDIUM
Galle,2026-01-12,100000,0,0,0,0.65,dry,61.81,57.28,MEDIUM
Galle,2026-01-13,100000,1,0,0,1.81,dry,57.28,56.97,MEDIUM
Galle,2026-01-14,100000,2,0,0,0.32,dry,56.97,54.26,MEDIUM
Galle,2026-01-15,100000,3,0,0,3.56,dry,54.26,50.41,LOW
Galle,2026-01-16,100000,4,0,0,4.89,dry,50.41,55.21,MEDIUM
Galle,2026-01-17,100000,5,1,0,3.74,dry,55.21,60.5,MEDIUM
Galle,2026-01-18,100000,6,1,0,10.88,dry,60.5,65.84,HIGH
Galle,2026-01-19,100000,0,0,0,2.99,dry,65.84,59.03,MEDIUM
Galle,2026-01-20,100000,1,0,0,2.67,dry,59.03,53.79,MEDIUM
Galle,2026-01-21,100000,2,0,0,8.79,dry,53.79,56.81,MEDIUM
Galle,2026-01-22,100000,3,0,0,0.06,dry,56.81,58.0,MEDIUM
Galle,2026-01-23,100000,4,0,0,2.69,dry,58.0,55.42,MEDIUM
Galle,2026-01-24,100000,5,1,0,1.5,dry,55.42,63.45,HIGH
Galle,2026-01-25,100000,6,1,0,7.14,dry,63.45,68.41,HIGH
Galle,2026-01-26,100000,0,0,0,1.21,dry,68.41,58.63,MEDIUM
Galle,2026-01-27,100000,1,0,0,0.06,dry,58.63,54.08,MEDIUM
Galle,2026-01-28,100000,2,0,0,3.97,dry,54.08,54.46,MEDIUM
Galle,2026-01-29,100000,3,0,0,3.03,dry,54.46,51.45,LOW
Galle,2026-01-30,100000,4,0,0,1.96,dry,51.45,53.11,MEDIUM
Galle,2026-01-31,100000,5,1,0,6.68,dry,53.11,55.83,MEDIUM
Galle,2026-02-01,100000,6,1,1,2.51,dry,55.83,78.44,HIGH
Galle,2026-02-02,100000,0,0,0,3.08,dry,78.44,67.5,HIGH
Galle,2026-02-03,100000,1,0,0,15.54,dry,67.5,61.82,MEDIUM
Galle,2026-02-04,100000,2,0,0,7.73,dry,61.82,61.55,MEDIUM
Galle,2026-02-05,100000,3,0,0,2.88,dry,61.55,55.19,MEDIUM
Galle,2026-02-06,100000,4,0,0,1.47,dry,55.19,54.85,MEDIUM
Galle,2026-02-07,100000,5,1,0,5.07,dry,54.85,65.7,HIGH
Galle,2026-02-08,100000,6,1,0,5.38,dry,65.7,70.16,HIGH
Galle,2026-02-09,100000,0,0,0,4.76,dry,70.16,64.78,HIGH
Galle,2026-02-10,100000,1,0,0,0.34,dry,64.78,56.61,MEDIUM
Galle,2026-02-11,100000,2,0,0,6.69,dry,56.61,55.98,MEDIUM
Galle,2026-02-12,100000,3,0,0,3.59,dry,55.98,54.86,MEDIUM
Galle,2026-02-13,100000,4,0,0,0.44,dry,54.86,55.18,MEDIUM
Galle,2026-02-14,100000,5,1,0,6.3,dry,55.18,61.15,MEDIUM
Galle,2026-02-15,100000,6,1,0,1.76,dry,61.15,70.36,HIGH
Galle,2026-02-16,100000,0,0,0,2.15,dry,70.36,64.55,HIGH
Galle,2026-02-17,100000,1,0,0,1.02,dry,64.55,62.96,MEDIUM
Galle,2026-02-18,100000,2,0,0,0.96,dry,62.96,59.76,MEDIUM
Galle,2026-02-19,100000,3,0,0,7.23,dry,59.76,55.43,MEDIUM
Galle,2026-02-20,100000,4,0,0,1.54,dry,55.43,56.89,MEDIUM
Galle,2026-02-21,100000,5,1,0,2.41,dry,56.89,67.94,HIGH
Galle,2026-02-22,100000,6,1,0,1.15,dry,67.94,71.46,HIGH
Galle,2026-02-23,100000,0,0,0,7.45,dry,71.46,60.69,MEDIUM
Galle,2026-02-24,100000,1,0,0,5.16,dry,60.69,56.24,MEDIUM
Galle,2026-02-25,100000,2,0,0,17.29,dry,56.24,55.73,MEDIUM
Galle,2026-02-26,100000,3,0,0,8.02,dry,55.73,59.37,MEDIUM
Galle,2026-02-27,100000,4,0,0,6.89,dry,59.37,62.13,MEDIUM
Galle,2026-02-28,100000,5,1,0,8.35,dry,62.13,65.0,HIGH
Galle,2026-03-01,100000,6,1,0,2.06,dry,65.0,69.99,HIGH
Galle,2026-03-02,100000,0,0,0,13.16,dry,69.99,60.86,MEDIUM
Galle,2026-03-03,100000,1,0,1,2.83,dry,60.86,68.89,HIGH
Galle,2026-03-04,100000,2,0,0,2.89,dry,68.89,63.54,HIGH
Galle,2026-03-05,100000,3,0,0,1.38,dry,63.54,59.67,MEDIUM
Galle,2026-03-06,100000,4,0,0,0.65,dry,59.67,57.92,MEDIUM
Galle,2026-03-07,100000,5,1,0,5.19,dry,57.92,64.47,HIGH
Galle,2026-03-08,100000,6,1,0,1.68,dry,64.47,69.53,HIGH
Galle,2026-03-09,100000,0,0,0,9.37,dry,69.53,63.0,MEDIUM
Galle,2026-03-10,100000,1,0,0,12.56,dry,63.0,61.3,MEDIUM
Galle,2026-03-11,100000,2,0,0,3.09,dry,61.3,55.91,MEDIUM
Galle,2026-03-12,100000,3,0,0,9.23,dry,55.91,57.9,MEDIUM
Galle,2026-03-13,100000,4,0,0,5.34,dry,57.9,58.47,MEDIUM
Galle,2026-03-14,100000,5,1,0,0.98,dry,58.47,66.14,HIGH
Galle,2026-03-15,100000,6,1,0,13.85,dry,66.14,69.74,HIGH
Galle,2026-03-16,100000,0,0,0,0.22,dry,69.74,62.11,MEDIUM
Galle,2026-03-17,100000,1,0,0,6.47,dry,62.11,58.32,MEDIUM
Galle,2026-03-18,100000,2,0,0,8.51,dry,58.32,56.74,MEDIUM
Galle,2026-03-19,100000,3,0,0,9.18,dry,56.74,51.77,LOW
Galle,2026-03-20,100000,4,0,0,6.6,dry,51.77,59.71,MEDIUM
Galle,2026-03-21,100000,5,1,0,3.55,dry,59.71,68.92,HIGH
Galle,2026-03-22,100000,6,1,0,1.77,dry,68.92,76.23,HIGH
Galle,2026-03-23,100000,0,0,0,10.33,dry,76.23,67.33,HIGH
Galle,2026-03-24,100000,1,0,0,5.06,dry,67.33,59.45,MEDIUM
Galle,2026-03-25,100000,2,0,0,3.1,dry,59.45,58.54,MEDIUM
Galle,2026-03-26,100000,3,0,0,0.05,dry,58.54,59.05,MEDIUM
Galle,2026-03-27,100000,4,0,0,24.02,dry,59.05,48.77,LOW
Galle,2026-03-28,100000,5,1,0,0.52,dry,48.77,63.21,MEDIUM
Galle,2026-03-29,100000,6,1,0,1.14,dry,63.21,66.81,HIGH
Galle,2026-03-30,100000,0,0,0,4.05,dry,66.81,62.88,MEDIUM
Galle,2026-03-31,100000,1,0,0,1.04,dry,62.88,62.92,MEDIUM
Galle,2026-04-01,100000,2,0,1,2.2,dry,62.92,74.46,HIGH
Galle,2026-04-02,100000,3,0,0,0.03,dry,74.46,68.73,HIGH
Galle,2026-04-03,100000,4,0,0,7.16,dry,68.73,57.88,MEDIUM
Galle,2026-04-04,100000,5,1,0,0.81,dry,57.88,61.86,MEDIUM
Galle,2026-04-05,100000,6,1,0,1.82,dry,61.86,64.95,HIGH
Galle,2026-04-06,100000,0,0,0,6.4,dry,64.95,54.22,MEDIUM
Galle,2026-04-07,100000,1,0,0,10.87,dry,54.22,49.94,LOW
Galle,2026-04-08,100000,2,0,0,2.66,dry,49.94,56.48,MEDIUM
Galle,2026-04-09,100000,3,0,0,5.95,dry,56.48,58.95,MEDIUM
Galle,2026-04-10,100000,4,0,0,0.49,dry,58.95,55.4,MEDIUM
Galle,2026-04-11,100000,5,1,0,4.44,dry,55.4,69.57,HIGH
Galle,2026-04-12,100000,6,1,0,0.34,dry,69.57,70.81,HIGH
Galle,2026-04-13,100000,0,0,0,4.34,dry,70.81,68.02,HIGH
Galle,2026-04-14,100000,1,0,0,4.63,dry,68.02,66.7,HIGH
Galle,2026-04-15,100000,2,0,0,5.64,dry,66.7,59.13,MEDIUM
Galle,2026-04-16,100000,3,0,0,8.72,dry,59.13,59.34,MEDIUM
Galle,2026-04-17,100000,4,0,0,3.45,dry,59.34,60.24,MEDIUM
Galle,2026-04-18,100000,5,1,0,6.15,dry,60.24,64.48,HIGH
Galle,2026-04-19,100000,6,1,0,7.77,dry,64.48,61.07,MEDIUM
Galle,2026-04-20,100000,0,0,0,0.8,dry,61.07,60.24,MEDIUM
Galle,2026-04-21,100000,1,0,0,1.99,dry,60.24,55.3,MEDIUM
Galle,2026-04-22,100000,2,0,0,1.25,dry,55.3,54.78,MEDIUM
Galle,2026-04-23,100000,3,0,0,4.56,dry,54.78,55.41,MEDIUM
Galle,2026-04-24,100000,4,0,0,2.73,dry,55.41,56.79,MEDIUM
Galle,2026-04-25,100000,5,1,0,5.06,dry,56.79,63.32,HIGH
Galle,2026-04-26,100000,6,1,0,2.64,dry,63.32,68.75,HIGH
Galle,2026-04-27,100000,0,0,0,9.16,dry,68.75,65.17,HIGH
Galle,2026-04-28,100000,1,0,0,4.43,dry,65.17,54.76,MEDIUM
Galle,2026-04-29,100000,2,0,0,1.02,dry,54.76,51.0,LOW
Galle,2026-04-30,100000,3,0,1,0.13,dry,51.0,63.02,MEDIUM
Galle,2026-05-01,100000,4,0,0,0.37,monsoon,63.02,57.56,MEDIUM
Galle,2026-05-02,100000,5,1,0,10.95,monsoon,57.56,66.84,HIGH
Galle,2026-05-03,100000,6,1,0,5.32,monsoon,66.84,72.9,HIGH
Galle,2026-05-04,100000,0,0,0,27.67,monsoon,72.9,57.02,MEDIUM
Galle,2026-05-05,100000,1,0,0,3.09,monsoon,57.02,55.48,MEDIUM
Galle,2026-05-06,100000,2,0,0,9.89,monsoon,55.48,59.06,MEDIUM
Galle,2026-05-07,100000,3,0,0,2.15,monsoon,59.06,57.6,MEDIUM
Galle,2026-05-08,100000,4,0,0,10.29,monsoon,57.6,55.26,MEDIUM
Galle,2026-05-09,100000,5,1,0,8.61,monsoon,55.26,65.87,HIGH
Galle,2026-05-10,100000,6,1,0,2.6,monsoon,65.87,71.64,HIGH
Galle,2026-05-11,100000,0,0,0,14.13,monsoon,71.64,64.41,HIGH
Galle,2026-05-12,100000,1,0,0,16.05,monsoon,64.41,58.13,MEDIUM
Galle,2026-05-13,100000,2,0,0,47.06,monsoon,58.13,48.22,LOW
Galle,2026-05-14,100000,3,0,0,4.25,monsoon,48.22,49.16,LOW
Galle,2026-05-15,100000,4,0,0,35.51,monsoon,49.16,44.56,LOW
Galle,2026-05-16,100000,5,1,0,21.37,monsoon,44.56,48.98,LOW
Galle,2026-05-17,100000,6,1,0,8.96,monsoon,48.98,58.34,MEDIUM
Galle,2026-05-18,100000,0,0,0,0.97,monsoon,58.34,56.63,MEDIUM
Galle,2026-05-19,100000,1,0,0,35.54,monsoon,56.63,50.51,LOW
Galle,2026-05-20,100000,2,0,0,7.94,monsoon,50.51,49.65,LOW
Galle,2026-05-21,100000,3,0,0,6.4,monsoon,49.65,53.0,MEDIUM
Galle,2026-05-22,100000,4,0,0,12.32,monsoon,53.0,54.24,MEDIUM
Galle,2026-05-23,100000,5,1,0,41.43,monsoon,54.24,56.23,MEDIUM
Galle,2026-05-24,100000,6,1,0,4.52,monsoon,56.23,62.3,MEDIUM
Galle,2026-05-25,100000,0,0,0,19.69,monsoon,62.3,55.59,MEDIUM
Galle,2026-05-26,100000,1,0,0,12.5,monsoon,55.59,56.86,MEDIUM
Galle,2026-05-27,100000,2,0,0,9.35,monsoon,56.86,56.15,MEDIUM
Galle,2026-05-28,100000,3,0,0,6.45,monsoon,56.15,56.53,MEDIUM
Galle,2026-05-29,100000,4,0,0,1.82,monsoon,56.53,54.59,MEDIUM
Galle,2026-05-30,100000,5,1,1,4.33,monsoon,54.59,77.28,HIGH
Galle,2026-05-31,100000,6,1,0,28.52,monsoon,77.28,71.25,HIGH
Galle,2026-06-01,100000,0,0,0,1.83,monsoon,71.25,70.45,HIGH
Galle,2026-06-02,100000,1,0,0,29.51,monsoon,70.45,55.64,MEDIUM
Galle,2026-06-03,100000,2,0,0,18.46,monsoon,55.64,55.74,MEDIUM
Galle,2026-06-04,100000,3,0,0,11.76,monsoon,55.74,55.14,MEDIUM
Galle,2026-06-05,100000,4,0,0,9.94,monsoon,55.14,52.79,MEDIUM
Galle,2026-06-06,100000,5,1,0,2.72,monsoon,52.79,60.75,MEDIUM
Galle,2026-06-07,100000,6,1,0,7.96,monsoon,60.75,72.08,HIGH
Galle,2026-06-08,100000,0,0,0,15.79,monsoon,72.08,61.59,MEDIUM
Galle,2026-06-09,100000,1,0,0,10.78,monsoon,61.59,58.5,MEDIUM
Galle,2026-06-10,100000,2,0,0,24.63,monsoon,58.5,49.29,LOW
Galle,2026-06-11,100000,3,0,0,23.15,monsoon,49.29,46.77,LOW
Galle,2026-06-12,100000,4,0,0,3.37,monsoon,46.77,48.94,LOW
Galle,2026-06-13,100000,5,1,0,6.01,monsoon,48.94,58.36,MEDIUM
Galle,2026-06-14,100000,6,1,0,21.21,monsoon,58.36,54.69,MEDIUM
Galle,2026-06-15,100000,0,0,0,31.54,monsoon,54.69,49.62,LOW
Galle,2026-06-16,100000,1,0,0,31.75,monsoon,49.62,46.09,LOW
Galle,2026-06-17,100000,2,0,0,9.0,monsoon,46.09,51.95,LOW
Galle,2026-06-18,100000,3,0,0,62.99,monsoon,51.95,47.96,LOW
Galle,2026-06-19,100000,4,0,0,35.99,monsoon,47.96,44.31,LOW
Galle,2026-06-20,100000,5,1,0,11.61,monsoon,44.31,54.43,MEDIUM
Galle,2026-06-21,100000,6,1,0,16.04,monsoon,54.43,62.9,MEDIUM
Galle,2026-06-22,100000,0,0,0,25.9,monsoon,62.9,56.66,MEDIUM
Galle,2026-06-23,100000,1,0,0,50.06,monsoon,56.66,48.68,LOW
Galle,2026-06-24,100000,2,0,0,3.42,monsoon,48.68,46.81,LOW
Galle,2026-06-25,100000,3,0,0,23.62,monsoon,46.81,46.37,LOW
Galle,2026-06-26,100000,4,0,0,12.93,monsoon,46.37,53.95,MEDIUM
Galle,2026-06-27,100000,5,1,0,7.56,monsoon,53.95,64.12,HIGH
Galle,2026-06-28,100000,6,1,0,36.99,monsoon,64.12,58.29,MEDIUM
Galle,2026-06-29,100000,0,0,1,17.86,monsoon,58.29,71.13,HIGH
Galle,2026-06-30,100000,1,0,0,23.64,monsoon,71.13,59.05,MEDIUM
Galle,2026-07-01,100000,2,0,0,11.83,dry,59.05,55.85,MEDIUM
Galle,2026-07-02,100000,3,0,0,1.62,dry,55.85,53.92,MEDIUM
Galle,2026-07-03,100000,4,0,0,11.22,dry,53.92,53.04,MEDIUM
Galle,2026-07-04,100000,5,1,0,5.31,dry,53.04,61.58,MEDIUM
Galle,2026-07-05,100000,6,1,0,4.78,dry,61.58,63.83,HIGH
Galle,2026-07-06,100000,0,0,0,0.44,dry,63.83,59.94,MEDIUM
Galle,2026-07-07,100000,1,0,0,3.52,dry,59.94,58.13,MEDIUM
Galle,2026-07-08,100000,2,0,0,17.08,dry,58.13,57.3,MEDIUM
Galle,2026-07-09,100000,3,0,0,5.51,dry,57.3,56.02,MEDIUM
Galle,2026-07-10,100000,4,0,0,5.03,dry,56.02,52.24,LOW
Galle,2026-07-11,100000,5,1,0,0.06,dry,52.24,60.96,MEDIUM
Galle,2026-07-12,100000,6,1,0,4.1,dry,60.96,71.61,HIGH
Galle,2026-07-13,100000,0,0,0,11.05,dry,71.61,63.92,HIGH
Galle,2026-07-14,100000,1,0,0,0.41,dry,63.92,57.25,MEDIUM
Galle,2026-07-15,100000,2,0,0,9.77,dry,57.25,57.76,MEDIUM
Galle,2026-07-16,100000,3,0,0,8.55,dry,57.76,61.35,MEDIUM
Galle,2026-07-17,100000,4,0,0,1.89,dry,61.35,59.14,MEDIUM
Galle,2026-07-18,100000,5,1,0,3.19,dry,59.14,65.18,HIGH
Galle,2026-07-19,100000,6,1,0,2.21,dry,65.18,72.69,HIGH
Galle,2026-07-20,100000,0,0,0,3.41,dry,72.69,62.48,MEDIUM
Galle,2026-07-21,100000,1,0,0,0.95,dry,62.48,61.47,MEDIUM
Galle,2026-07-22,100000,2,0,0,6.22,dry,61.47,56.68,MEDIUM
Galle,2026-07-23,100000,3,0,0,2.14,dry,56.68,54.71,MEDIUM
Galle,2026-07-24,100000,4,0,0,2.99,dry,54.71,56.95,MEDIUM
Galle,2026-07-25,100000,5,1,0,4.85,dry,56.95,67.83,HIGH
Galle,2026-07-26,100000,6,1,0,2.17,dry,67.83,70.34,HIGH
Galle,2026-07-27,100000,0,0,0,19.34,dry,70.34,66.04,HIGH
Galle,2026-07-28,100000,1,0,1,5.03,dry,66.04,76.68,HIGH
Galle,2026-07-29,100000,2,0,0,1.97,dry,76.68,63.66,HIGH
Galle,2026-07-30,100000,3,0,0,5.8,dry,63.66,58.23,MEDIUM
Galle,2026-07-31,100000,4,0,0,9.07,dry,58.23,58.06,MEDIUM
Galle,2026-08-01,100000,5,1,0,1.64,dry,58.06,68.79,HIGH
Galle,2026-08-02,100000,6,1,0,3.59,dry,68.79,73.96,HIGH
Galle,2026-08-03,100000,0,0,0,1.82,dry,73.96,67.31,HIGH
Galle,2026-08-04,100000,1,0,0,13.93,dry,67.31,57.53,MEDIUM
Galle,2026-08-05,100000,2,0,0,10.25,dry,57.53,58.26,MEDIUM
Galle,2026-08-06,100000,3,0,0,5.47,dry,58.26,58.46,MEDIUM
Galle,2026-08-07,100000,4,0,0,1.51,dry,58.46,57.48,MEDIUM
Galle,2026-08-08,100000,5,1,0,4.11,dry,57.48,66.47,HIGH
Galle,2026-08-09,100000,6,1,0,0.59,dry,66.47,65.15,HIGH
Galle,2026-08-10,100000,0,0,0,10.0,dry,65.15,53.82,MEDIUM
Galle,2026-08-11,100000,1,0,0,3.96,dry,53.82,55.1,MEDIUM
Galle,2026-08-12,100000,2,0,0,0.59,dry,55.1,54.88,MEDIUM
Galle,2026-08-13,100000,3,0,0,2.75,dry,54.88,54.33,MEDIUM
Galle,2026-08-14,100000,4,0,0,9.77,dry,54.33,55.82,MEDIUM
Galle,2026-08-15,100000,5,1,0,1.73,dry,55.82,64.26,HIGH
Galle,2026-08-16,100000,6,1,0,8.17,dry,64.26,69.45,HIGH
Galle,2026-08-17,100000,0,0,0,0.09,dry,69.45,64.67,HIGH
Galle,2026-08-18,100000,1,0,0,1.65,dry,64.67,58.39,MEDIUM
Galle,2026-08-19,100000,2,0,0,10.31,dry,58.39,57.63,MEDIUM
Galle,2026-08-20,100000,3,0,0,3.89,dry,57.63,54.54,MEDIUM
Galle,2026-08-21,100000,4,0,0,0.51,dry,54.54,49.58,LOW
Galle,2026-08-22,100000,5,1,0,4.56,dry,49.58,59.32,MEDIUM
Galle,2026-08-23,100000,6,1,0,1.76,dry,59.32,68.62,HIGH
Galle,2026-08-24,100000,0,0,0,0.25,dry,68.62,59.44,MEDIUM
Galle,2026-08-25,100000,1,0,0,11.66,dry,59.44,58.4,MEDIUM
Galle,2026-08-26,100000,2,0,0,4.5,dry,58.4,59.17,MEDIUM
Galle,2026-08-27,100000,3,0,1,11.14,dry,59.17,73.38,HIGH
Galle,2026-08-28,100000,4,0,0,0.18,dry,73.38,62.4,MEDIUM
Galle,2026-08-29,100000,5,1,0,4.37,dry,62.4,65.49,HIGH
Galle,2026-08-30,100000,6,1,0,8.9,dry,65.49,69.38,HIGH
Galle,2026-08-31,100000,0,0,0,4.57,dry,69.38,62.92,MEDIUM
Galle,2026-09-01,100000,1,0,0,26.52,monsoon,62.92,54.83,MEDIUM
Galle,2026-09-02,100000,2,0,0,31.68,monsoon,54.83,51.22,LOW
Galle,2026-09-03,100000,3,0,0,8.44,monsoon,51.22,60.5,MEDIUM
Galle,2026-09-04,100000,4,0,0,5.72,monsoon,60.5,61.8,MEDIUM
Galle,2026-09-05,100000,5,1,0,13.82,monsoon,61.8,66.19,HIGH
Galle,2026-09-06,100000,6,1,0,33.46,monsoon,66.19,68.51,HIGH
Galle,2026-09-07,100000,0,0,0,14.97,monsoon,68.51,58.69,MEDIUM
Galle,2026-09-08,100000,1,0,0,13.44,monsoon,58.69,54.06,MEDIUM
Galle,2026-09-09,100000,2,0,0,10.77,monsoon,54.06,56.68,MEDIUM
Galle,2026-09-10,100000,3,0,0,1.65,monsoon,56.68,55.14,MEDIUM
Galle,2026-09-11,100000,4,0,0,15.84,monsoon,55.14,48.46,LOW
Galle,2026-09-12,100000,5,1,0,45.1,monsoon,48.46,57.61,MEDIUM
Galle,2026-09-13,100000,6,1,0,10.59,monsoon,57.61,66.43,HIGH
Galle,2026-09-14,100000,0,0,0,15.08,monsoon,66.43,60.42,MEDIUM
Galle,2026-09-15,100000,1,0,0,6.74,monsoon,60.42,57.21,MEDIUM
Galle,2026-09-16,100000,2,0,0,9.59,monsoon,57.21,55.5,MEDIUM
Galle,2026-09-17,100000,3,0,0,3.27,monsoon,55.5,49.56,LOW
Galle,2026-09-18,100000,4,0,0,14.15,monsoon,49.56,49.82,LOW
Galle,2026-09-19,100000,5,1,0,10.9,monsoon,49.82,58.43,MEDIUM
Galle,2026-09-20,100000,6,1,0,0.08,monsoon,58.43,68.21,HIGH
Galle,2026-09-21,100000,0,0,0,12.73,monsoon,68.21,60.01,MEDIUM
Galle,2026-09-22,100000,1,0,0,10.78,monsoon,60.01,58.54,MEDIUM
Galle,2026-09-23,100000,2,0,0,7.59,monsoon,58.54,56.28,MEDIUM
Galle,2026-09-24,100000,3,0,0,1.37,monsoon,56.28,53.2,MEDIUM
Galle,2026-09-25,100000,4,0,0,6.35,monsoon,53.2,54.84,MEDIUM
Galle,2026-09-26,100000,5,1,1,10.62,monsoon,54.84,78.9,HIGH
Galle,2026-09-27,100000,6,1,0,18.17,monsoon,78.9,79.95,HIGH
Galle,2026-09-28,100000,0,0,0,74.04,monsoon,79.95,59.63,MEDIUM
Galle,2026-09-29,100000,1,0,0,7.53,monsoon,59.63,55.52,MEDIUM
Galle,2026-09-30,100000,2,0,0,8.22,monsoon,55.52,57.55,MEDIUM
Galle,2026-10-01,100000,3,0,0,18.78,monsoon,57.55,55.77,MEDIUM
Galle,2026-10-02,100000,4,0,0,14.04,monsoon,55.77,57.92,MEDIUM
Galle,2026-10-03,100000,5,1,0,46.54,monsoon,57.92,56.94,MEDIUM
Galle,2026-10-04,100000,6,1,0,25.82,monsoon,56.94,58.33,MEDIUM
Galle,2026-10-05,100000,0,0,0,17.4,monsoon,58.33,54.97,MEDIUM
Galle,2026-10-06,100000,1,0,0,1.82,monsoon,54.97,52.7,MEDIUM
Galle,2026-10-07,100000,2,0,0,6.91,monsoon,52.7,47.77,LOW
Galle,2026-10-08,100000,3,0,0,1.93,monsoon,47.77,55.57,MEDIUM
Galle,2026-10-09,100000,4,0,0,1.1,monsoon,55.57,53.94,MEDIUM
Galle,2026-10-10,100000,5,1,0,1.25,monsoon,53.94,64.05,HIGH
Galle,2026-10-11,100000,6,1,0,16.57,monsoon,64.05,67.99,HIGH
Galle,2026-10-12,100000,0,0,0,17.03,monsoon,67.99,64.73,HIGH
Galle,2026-10-13,100000,1,0,0,0.15,monsoon,64.73,55.1,MEDIUM
Galle,2026-10-14,100000,2,0,0,15.16,monsoon,55.1,55.62,MEDIUM
Galle,2026-10-15,100000,3,0,0,31.04,monsoon,55.62,51.86,LOW
Galle,2026-10-16,100000,4,0,0,19.31,monsoon,51.86,53.59,MEDIUM
Galle,2026-10-17,100000,5,1,0,2.3,monsoon,53.59,60.39,MEDIUM
Galle,2026-10-18,100000,6,1,0,0.18,monsoon,60.39,61.68,MEDIUM
Galle,2026-10-19,100000,0,0,0,9.98,monsoon,61.68,56.57,MEDIUM
Galle,2026-10-20,100000,1,0,0,12.91,monsoon,56.57,50.39,LOW
Galle,2026-10-21,100000,2,0,0,19.59,monsoon,50.39,54.71,MEDIUM
Galle,2026-10-22,100000,3,0,0,15.85,monsoon,54.71,56.15,MEDIUM
Galle,2026-10-23,100000,4,0,0,8.43,monsoon,56.15,57.9,MEDIUM
Galle,2026-10-24,100000,5,1,0,16.77,monsoon,57.9,62.32,MEDIUM
Galle,2026-10-25,100000,6,1,1,23.34,monsoon,62.32,72.88,HIGH
Galle,2026-10-26,100000,0,0,0,8.87,monsoon,72.88,65.39,HIGH
Galle,2026-10-27,100000,1,0,0,29.23,monsoon,65.39,55.52,MEDIUM
Galle,2026-10-28,100000,2,0,0,37.27,monsoon,55.52,44.73,LOW
Galle,2026-10-29,100000,3,0,0,13.09,monsoon,44.73,47.96,LOW
Galle,2026-10-30,100000,4,0,0,6.96,monsoon,47.96,55.84,MEDIUM
Galle,2026-10-31,100000,5,1,0,17.49,monsoon,55.84,65.88,HIGH
Galle,2026-11-01,100000,6,1,0,7.04,monsoon,65.88,68.81,HIGH
Galle,2026-11-02,100000,0,0,0,2.31,monsoon,68.81,58.56,MEDIUM
Galle,2026-11-03,100000,1,0,0,33.12,monsoon,58.56,48.45,LOW
Galle,2026-11-04,100000,2,0,0,0.39,monsoon,48.45,50.54,LOW
Galle,2026-11-05,100000,3,0,0,15.57,monsoon,50.54,48.89,LOW
Galle,2026-11-06,100000,4,0,0,1.12,monsoon,48.89,55.28,MEDIUM
Galle,2026-11-07,100000,5,1,0,7.91,monsoon,55.28,66.46,HIGH
Galle,2026-11-08,100000,6,1,0,13.96,monsoon,66.46,66.59,HIGH
Galle,2026-11-09,100000,0,0,0,6.8,monsoon,66.59,66.0,HIGH
Galle,2026-11-10,100000,1,0,0,2.27,monsoon,66.0,59.23,MEDIUM
Galle,2026-11-11,100000,2,0,0,9.97,monsoon,59.23,57.13,MEDIUM
Galle,2026-11-12,100000,3,0,0,49.87,monsoon,57.13,49.15,LOW
Galle,2026-11-13,100000,4,0,0,7.27,monsoon,49.15,49.05,LOW
Galle,2026-11-14,100000,5,1,0,0.35,monsoon,49.05,58.84,MEDIUM
Galle,2026-11-15,100000,6,1,0,21.17,monsoon,58.84,53.95,MEDIUM
Galle,2026-11-16,100000,0,0,0,34.55,monsoon,53.95,48.05,LOW
Galle,2026-11-17,100000,1,0,0,1.85,monsoon,48.05,51.27,LOW
Galle,2026-11-18,100000,2,0,0,32.89,monsoon,51.27,48.45,LOW
Galle,2026-11-19,100000,3,0,0,13.86,monsoon,48.45,47.49,LOW
Galle,2026-11-20,100000,4,0,0,6.24,monsoon,47.49,47.16,LOW
Galle,2026-11-21,100000,5,1,0,11.69,monsoon,47.16,59.25,MEDIUM
Galle,2026-11-22,100000,6,1,0,11.7,monsoon,59.25,62.45,MEDIUM
Galle,2026-11-23,100000,0,0,0,21.53,monsoon,62.45,52.25,LOW
Galle,2026-11-24,100000,1,0,1,5.4,monsoon,52.25,70.41,HIGH
Galle,2026-11-25,100000,2,0,0,4.5,monsoon,70.41,59.23,MEDIUM
Galle,2026-11-26,100000,3,0,0,50.91,monsoon,59.23,49.03,LOW
Galle,2026-11-27,100000,4,0,0,12.24,monsoon,49.03,54.66,MEDIUM
Galle,2026-11-28,100000,5,1,0,2.25,monsoon,54.66,58.03,MEDIUM
Galle,2026-11-29,100000,6,1,0,8.81,monsoon,58.03,64.43,HIGH
Galle,2026-11-30,100000,0,0,0,7.71,monsoon,64.43,66.13,HIGH
Galle,2026-12-01,100000,1,0,0,25.46,dry,66.13,55.31,MEDIUM
Galle,2026-12-02,100000,2,0,0,4.21,dry,55.31,57.63,MEDIUM
Galle,2026-12-03,100000,3,0,0,4.85,dry,57.63,55.08,MEDIUM
Galle,2026-12-04,100000,4,0,0,0.2,dry,55.08,51.53,LOW
Galle,2026-12-05,100000,5,1,0,3.23,dry,51.53,57.06,MEDIUM
Galle,2026-12-06,100000,6,1,0,16.63,dry,57.06,65.1,HIGH
Galle,2026-12-07,100000,0,0,0,12.01,dry,65.1,60.78,MEDIUM
Galle,2026-12-08,100000,1,0,0,10.2,dry,60.78,62.76,MEDIUM
Galle,2026-12-09,100000,2,0,0,0.7,dry,62.76,57.88,MEDIUM
Galle,2026-12-10,100000,3,0,0,7.9,dry,57.88,57.21,MEDIUM
Galle,2026-12-11,100000,4,0,0,1.61,dry,57.21,55.76,MEDIUM
Galle,2026-12-12,100000,5,1,0,19.81,dry,55.76,60.46,MEDIUM
Galle,2026-12-13,100000,6,1,0,3.3,dry,60.46,67.09,HIGH
Galle,2026-12-14,100000,0,0,0,2.35,dry,67.09,63.92,HIGH
Galle,2026-12-15,100000,1,0,0,1.68,dry,63.92,61.22,MEDIUM
Galle,2026-12-16,100000,2,0,0,2.44,dry,61.22,56.12,MEDIUM
Galle,2026-12-17,100000,3,0,0,3.58,dry,56.12,63.03,MEDIUM
Galle,2026-12-18,100000,4,0,0,10.03,dry,63.03,58.27,MEDIUM
Galle,2026-12-19,100000,5,1,0,19.75,dry,58.27,68.41,HIGH
Galle,2026-12-20,100000,6,1,0,7.23,dry,68.41,70.04,HIGH
Galle,2026-12-21,100000,0,0,0,4.26,dry,70.04,65.72,HIGH
Galle,2026-12-22,100000,1,0,0,11.18,dry,65.72,59.8,MEDIUM
Galle,2026-12-23,100000,2,0,1,0.32,dry,59.8,71.38,HIGH
Galle,2026-12-24,100000,3,0,0,3.57,dry,71.38,65.95,HIGH
Galle,2026-12-25,100000,4,0,0,4.93,dry,65.95,65.86,HIGH
Galle,2026-12-26,100000,5,1,0,6.41,dry,65.86,68.83,HIGH
Galle,2026-12-27,100000,6,1,0,5.9,dry,68.83,70.07,HIGH
Galle,2026-12-28,100000,0,0,0,2.22,dry,70.07,60.48,MEDIUM
Galle,2026-12-29,100000,1,0,0,8.16,dry,60.48,55.28,MEDIUM
Galle,2026-12-30,100000,2,0,0,15.79,dry,55.28,53.26,MEDIUM
Galle,2026-12-31,100000,3,0,0,0.04,dry,53.26,52.66,MEDIUM
